model,game,level,run_id,game_level,total_steps,meaningful_steps,meaningful_ratio,total_distance,avg_distance_per_step,winner,total_reward,reward_steps,max_reward,final_reward,won,normalized_reward
gemini,boulderdash,2,5,boulderdash-lvl2,1417,229,0.1616090331686662,191,0.13479181369089627,PLAYER_LOSES,16.0,8,2.0,0.0,False,0.999999999375
gemini,boulderdash,2,2,boulderdash-lvl2,1058,392,0.3705103969754253,345,0.32608695652173914,PLAYER_LOSES,8.0,4,2.0,0.0,False,0.4999999996875
gemini,boulderdash,2,4,boulderdash-lvl2,125,55,0.44,45,0.36,PLAYER_LOSES,0.0,0,0.0,0.0,False,0.0
gemini,boulderdash,2,3,boulderdash-lvl2,1998,447,0.22372372372372373,410,0.20520520520520522,NO_WINNER,4.0,2,2.0,0.0,False,0.24999999984375
gemini,boulderdash,2,1,boulderdash-lvl2,678,171,0.252212389380531,148,0.2182890855457227,PLAYER_LOSES,6.0,3,2.0,0.0,False,0.374999999765625
gemini,escape,2,2,escape-lvl2,998,377,0.3777555110220441,659,0.6603206412825652,PLAYER_LOSES,0.0,0,0.0,0.0,False,0.0
gemini,escape,2,4,escape-lvl2,24,12,0.5,11,0.4583333333333333,PLAYER_LOSES,0.0,0,0.0,0.0,False,0.0
gemini,escape,2,3,escape-lvl2,913,264,0.2891566265060241,419,0.4589266155531216,PLAYER_LOSES,0.0,0,0.0,0.0,False,0.0
gemini,escape,2,1,escape-lvl2,2,1,0.5,1,0.5,PLAYER_LOSES,0.0,0,0.0,0.0,False,0.0
gemini,boulderdash,1,5,boulderdash-lvl1,1998,155,0.07757757757757758,130,0.06506506506506507,NO_WINNER,4.0,2,2.0,0.0,False,0.0
gemini,boulderdash,1,2,boulderdash-lvl1,258,97,0.375968992248062,77,0.29844961240310075,PLAYER_LOSES,6.0,3,2.0,0.0,False,0.1999999998
gemini,boulderdash,1,4,boulderdash-lvl1,381,131,0.3438320209973753,114,0.2992125984251969,PLAYER_LOSES,10.0,5,2.0,0.0,False,0.5999999993999999
gemini,boulderdash,1,3,boulderdash-lvl1,29,10,0.3448275862068966,8,0.27586206896551724,PLAYER_LOSES,4.0,2,2.0,0.0,False,0.0
gemini,boulderdash,1,1,boulderdash-lvl1,223,82,0.36771300448430494,73,0.3273542600896861,PLAYER_LOSES,4.0,2,2.0,0.0,False,0.0
gemini,realsokoban,0,5,realsokoban-lvl0,1998,736,0.3683683683683684,1134,0.5675675675675675,NO_WINNER,0.0,2,1.0,0.0,False,0.0
gemini,realsokoban,0,2,realsokoban-lvl0,1998,974,0.4874874874874875,1527,0.7642642642642643,NO_WINNER,0.0,1,1.0,0.0,False,0.0
gemini,realsokoban,0,4,realsokoban-lvl0,1998,229,0.11461461461461461,375,0.18768768768768768,NO_WINNER,1.0,2,1.0,0.0,False,0.3333333322222222
gemini,realsokoban,0,3,realsokoban-lvl0,1998,260,0.13013013013013014,388,0.1941941941941942,NO_WINNER,2.0,2,1.0,0.0,False,0.6666666644444444
gemini,realsokoban,0,1,realsokoban-lvl0,1998,620,0.3103103103103103,977,0.488988988988989,NO_WINNER,0.0,2,1.0,0.0,False,0.0
gemini,sokoban,3,5,sokoban-lvl3,1998,218,0.1091091091091091,324,0.16216216216216217,NO_WINNER,0.0,0,0.0,0.0,False,0.0
gemini,sokoban,3,2,sokoban-lvl3,1998,127,0.06356356356356356,184,0.0920920920920921,NO_WINNER,0.0,0,0.0,0.0,False,0.0
gemini,sokoban,3,4,sokoban-lvl3,1998,611,0.3058058058058058,918,0.4594594594594595,NO_WINNER,1.0,1,1.0,0.0,False,0.4999999975
gemini,sokoban,3,3,sokoban-lvl3,1998,441,0.22072072072072071,676,0.3383383383383383,NO_WINNER,0.0,0,0.0,0.0,False,0.0
gemini,sokoban,3,1,sokoban-lvl3,1998,595,0.2977977977977978,786,0.3933933933933934,NO_WINNER,1.0,1,1.0,0.0,False,0.4999999975
gemini,escape,0,5,escape-lvl0,38,23,0.6052631578947368,24,0.631578947368421,PLAYER_WINS,0.0,0,0.0,0.0,True,0.0
gemini,escape,0,2,escape-lvl0,15,7,0.4666666666666667,7,0.4666666666666667,PLAYER_LOSES,0.0,0,0.0,0.0,False,0.0
gemini,escape,0,4,escape-lvl0,31,19,0.6129032258064516,20,0.6451612903225806,PLAYER_WINS,0.0,0,0.0,0.0,True,0.0
gemini,escape,0,3,escape-lvl0,4,4,1.0,3,0.75,PLAYER_LOSES,0.0,0,0.0,0.0,False,0.0
gemini,escape,0,1,escape-lvl0,37,18,0.4864864864864865,20,0.5405405405405406,PLAYER_WINS,0.0,0,0.0,0.0,True,0.0
gemini,sokoban,4,5,sokoban-lvl4,1998,283,0.14164164164164164,511,0.25575575575575576,NO_WINNER,1.0,1,1.0,0.0,False,0.0
gemini,sokoban,4,2,sokoban-lvl4,1998,542,0.27127127127127126,1410,0.7057057057057057,NO_WINNER,1.0,1,1.0,0.0,False,0.0
gemini,sokoban,4,4,sokoban-lvl4,1998,613,0.30680680680680683,1500,0.7507507507507507,NO_WINNER,1.0,1,1.0,0.0,False,0.0
gemini,sokoban,4,3,sokoban-lvl4,1998,565,0.2827827827827828,1420,0.7107107107107107,NO_WINNER,1.0,1,1.0,0.0,False,0.0
gemini,sokoban,4,1,sokoban-lvl4,1998,625,0.3128128128128128,1134,0.5675675675675675,NO_WINNER,1.0,1,1.0,0.0,False,0.0
gemini,realsokoban,1,5,realsokoban-lvl1,1998,650,0.3253253253253253,1107,0.5540540540540541,NO_WINNER,0.0,0,0.0,0.0,False,0.0
gemini,realsokoban,1,2,realsokoban-lvl1,1998,665,0.3328328328328328,1039,0.52002002002002,NO_WINNER,0.0,0,0.0,0.0,False,0.0
gemini,realsokoban,1,4,realsokoban-lvl1,1998,608,0.30430430430430433,1330,0.6656656656656657,NO_WINNER,0.0,0,0.0,0.0,False,0.0
gemini,realsokoban,1,3,realsokoban-lvl1,1998,584,0.2922922922922923,1100,0.5505505505505506,NO_WINNER,0.0,0,0.0,0.0,False,0.0
gemini,realsokoban,1,1,realsokoban-lvl1,1998,793,0.3968968968968969,1219,0.6101101101101101,NO_WINNER,0.0,0,0.0,0.0,False,0.0
gemini,realsokoban,4,5,realsokoban-lvl4,1998,706,0.3533533533533533,1060,0.5305305305305306,NO_WINNER,0.0,0,0.0,0.0,False,0.0
gemini,realsokoban,4,2,realsokoban-lvl4,1998,663,0.33183183183183185,1100,0.5505505505505506,NO_WINNER,0.0,0,0.0,0.0,False,0.0
gemini,realsokoban,4,4,realsokoban-lvl4,1998,507,0.25375375375375375,782,0.3913913913913914,NO_WINNER,0.0,0,0.0,0.0,False,0.0
gemini,realsokoban,4,3,realsokoban-lvl4,1998,548,0.27427427427427425,888,0.4444444444444444,NO_WINNER,0.0,0,0.0,0.0,False,0.0
gemini,realsokoban,4,1,realsokoban-lvl4,1998,757,0.3788788788788789,1303,0.6521521521521522,NO_WINNER,0.0,0,0.0,0.0,False,0.0
gemini,sokoban,2,5,sokoban-lvl2,1998,176,0.08808808808808809,279,0.13963963963963963,NO_WINNER,0.0,0,0.0,0.0,False,0.0
gemini,sokoban,2,2,sokoban-lvl2,1998,1078,0.5395395395395396,1559,0.7802802802802803,NO_WINNER,1.0,1,1.0,0.0,False,0.4999999975
gemini,sokoban,2,4,sokoban-lvl2,1998,158,0.07907907907907907,245,0.12262262262262262,NO_WINNER,0.0,0,0.0,0.0,False,0.0
gemini,sokoban,2,3,sokoban-lvl2,1998,238,0.11911911911911911,414,0.2072072072072072,NO_WINNER,0.0,0,0.0,0.0,False,0.0
gemini,sokoban,2,1,sokoban-lvl2,1998,193,0.0965965965965966,322,0.16116116116116116,NO_WINNER,0.0,0,0.0,0.0,False,0.0
gemini,aliens,0,5,aliens-lvl0,689,375,0.5442670537010159,625,0.9071117561683599,PLAYER_LOSES,32.0,24,2.0,0.0,False,0.3518518517866941
gemini,aliens,0,2,aliens-lvl0,871,560,0.642939150401837,516,0.5924225028702641,PLAYER_LOSES,63.0,44,2.0,0.0,False,0.9259259257544582
gemini,aliens,0,4,aliens-lvl0,662,426,0.6435045317220544,392,0.5921450151057401,PLAYER_WINS,65.0,46,2.0,0.0,True,0.9629629627846364
gemini,aliens,0,3,aliens-lvl0,111,71,0.6396396396396397,55,0.4954954954954955,PLAYER_LOSES,14.0,12,2.0,0.0,False,0.018518518515089163
gemini,aliens,0,1,aliens-lvl0,192,126,0.65625,136,0.7083333333333334,PLAYER_LOSES,20.0,16,2.0,0.0,False,0.12962962960562413
gemini,sokoban,0,5,sokoban-lvl0,1998,772,0.3863863863863864,1162,0.5815815815815816,NO_WINNER,0.0,0,0.0,0.0,False,0.0
gemini,sokoban,0,2,sokoban-lvl0,1998,701,0.3508508508508508,947,0.47397397397397395,NO_WINNER,0.0,0,0.0,0.0,False,0.0
gemini,sokoban,0,4,sokoban-lvl0,1998,574,0.2872872872872873,824,0.4124124124124124,NO_WINNER,0.0,0,0.0,0.0,False,0.0
gemini,sokoban,0,3,sokoban-lvl0,1998,608,0.30430430430430433,967,0.48398398398398396,NO_WINNER,0.0,0,0.0,0.0,False,0.0
gemini,sokoban,0,1,sokoban-lvl0,1998,790,0.3953953953953954,1495,0.7482482482482482,NO_WINNER,0.0,0,0.0,0.0,False,0.0
gemini,zelda,1,5,zelda-lvl1,94,2,0.02127659574468085,0,0.0,PLAYER_LOSES,0.0,0,0.0,0.0,False,0.0
gemini,zelda,1,4,zelda-lvl1,72,1,0.013888888888888888,0,0.0,PLAYER_LOSES,0.0,0,0.0,0.0,False,0.0
gemini,zelda,1,3,zelda-lvl1,30,0,0.0,0,0.0,PLAYER_LOSES,0.0,0,0.0,0.0,False,0.0
gemini,zelda,1,1,zelda-lvl1,364,7,0.019230769230769232,0,0.0,PLAYER_LOSES,1.0,1,1.0,0.0,False,0.9999999900000002
gemini,zelda,4,5,zelda-lvl4,162,13,0.08024691358024691,0,0.0,PLAYER_LOSES,0.0,0,0.0,0.0,False,0.0
gemini,zelda,4,2,zelda-lvl4,570,24,0.042105263157894736,0,0.0,PLAYER_LOSES,0.0,0,0.0,0.0,False,0.0
gemini,zelda,4,4,zelda-lvl4,208,24,0.11538461538461539,0,0.0,PLAYER_LOSES,0.0,0,0.0,0.0,False,0.0
gemini,zelda,4,3,zelda-lvl4,236,20,0.0847457627118644,0,0.0,PLAYER_LOSES,0.0,0,0.0,0.0,False,0.0
gemini,zelda,4,1,zelda-lvl4,254,2,0.007874015748031496,0,0.0,PLAYER_LOSES,0.0,0,0.0,0.0,False,0.0
gemini,escape,4,5,escape-lvl4,998,265,0.2655310621242485,349,0.3496993987975952,PLAYER_LOSES,0.0,0,0.0,0.0,False,0.0
gemini,escape,4,2,escape-lvl4,998,245,0.24549098196392785,371,0.3717434869739479,PLAYER_LOSES,0.0,0,0.0,0.0,False,0.0
gemini,escape,4,4,escape-lvl4,46,24,0.5217391304347826,37,0.8043478260869565,PLAYER_LOSES,0.0,0,0.0,0.0,False,0.0
gemini,escape,4,3,escape-lvl4,120,49,0.4083333333333333,69,0.575,PLAYER_LOSES,0.0,0,0.0,0.0,False,0.0
gemini,escape,4,1,escape-lvl4,998,213,0.21342685370741482,330,0.3306613226452906,PLAYER_LOSES,0.0,0,0.0,0.0,False,0.0
gemini,sokoban,1,5,sokoban-lvl1,1998,650,0.3253253253253253,1309,0.6551551551551551,NO_WINNER,0.0,0,0.0,0.0,False,0.0
gemini,sokoban,1,2,sokoban-lvl1,1998,762,0.3813813813813814,1159,0.58008008008008,NO_WINNER,1.0,1,1.0,0.0,False,0.4999999975
gemini,sokoban,1,4,sokoban-lvl1,1998,717,0.3588588588588589,1287,0.6441441441441441,NO_WINNER,0.0,0,0.0,0.0,False,0.0
gemini,sokoban,1,3,sokoban-lvl1,1998,553,0.27677677677677676,968,0.4844844844844845,NO_WINNER,1.0,1,1.0,0.0,False,0.4999999975
gemini,sokoban,1,1,sokoban-lvl1,1998,879,0.43993993993993996,1397,0.6991991991991992,NO_WINNER,0.0,0,0.0,0.0,False,0.0
gemini,escape,3,5,escape-lvl3,113,30,0.26548672566371684,54,0.4778761061946903,PLAYER_LOSES,0.0,0,0.0,0.0,False,0.0
gemini,escape,3,2,escape-lvl3,72,14,0.19444444444444445,18,0.25,PLAYER_LOSES,0.0,0,0.0,0.0,False,0.0
gemini,escape,3,4,escape-lvl3,123,29,0.23577235772357724,45,0.36585365853658536,PLAYER_LOSES,0.0,0,0.0,0.0,False,0.0
gemini,escape,3,3,escape-lvl3,12,9,0.75,10,0.8333333333333334,PLAYER_LOSES,0.0,0,0.0,0.0,False,0.0
gemini,escape,3,1,escape-lvl3,33,11,0.3333333333333333,14,0.42424242424242425,PLAYER_LOSES,0.0,0,0.0,0.0,False,0.0
gemini,boulderdash,0,5,boulderdash-lvl0,1998,138,0.06906906906906907,128,0.06406406406406406,NO_WINNER,4.0,2,2.0,0.0,False,0.1111111110493827
gemini,boulderdash,0,2,boulderdash-lvl0,247,80,0.32388663967611336,74,0.29959514170040485,PLAYER_LOSES,4.0,2,2.0,0.0,False,0.1111111110493827
gemini,boulderdash,0,4,boulderdash-lvl0,1998,326,0.16316316316316315,320,0.16016016016016016,NO_WINNER,4.0,2,2.0,0.0,False,0.1111111110493827
gemini,boulderdash,0,3,boulderdash-lvl0,1998,287,0.14364364364364365,278,0.13913913913913914,NO_WINNER,4.0,2,2.0,0.0,False,0.1111111110493827
gemini,boulderdash,0,1,boulderdash-lvl0,547,160,0.29250457038391225,146,0.26691042047531993,PLAYER_LOSES,4.0,2,2.0,0.0,False,0.1111111110493827
gemini,aliens,4,5,aliens-lvl4,391,185,0.4731457800511509,377,0.9641943734015346,PLAYER_LOSES,2.0,2,1.0,0.0,False,0.03333333332777778
gemini,aliens,4,2,aliens-lvl4,559,283,0.5062611806797853,517,0.924865831842576,PLAYER_LOSES,34.0,21,2.0,0.0,False,0.5666666665722222
gemini,aliens,4,4,aliens-lvl4,527,298,0.5654648956356736,478,0.9070208728652751,PLAYER_LOSES,31.0,21,2.0,0.0,False,0.5166666665805556
gemini,aliens,4,3,aliens-lvl4,337,176,0.5222551928783383,318,0.9436201780415431,PLAYER_LOSES,19.0,12,2.0,0.0,False,0.31666666661388887
gemini,aliens,4,1,aliens-lvl4,659,272,0.41274658573596357,592,0.8983308042488619,PLAYER_LOSES,0.0,0,0.0,0.0,False,0.0
gemini,escape,1,5,escape-lvl1,18,5,0.2777777777777778,4,0.2222222222222222,PLAYER_LOSES,0.0,0,0.0,0.0,False,0.0
gemini,escape,1,2,escape-lvl1,17,5,0.29411764705882354,4,0.23529411764705882,PLAYER_LOSES,0.0,0,0.0,0.0,False,0.0
gemini,escape,1,4,escape-lvl1,35,18,0.5142857142857142,20,0.5714285714285714,PLAYER_LOSES,0.0,0,0.0,0.0,False,0.0
gemini,escape,1,3,escape-lvl1,77,26,0.33766233766233766,30,0.38961038961038963,PLAYER_LOSES,0.0,0,0.0,0.0,False,0.0
gemini,escape,1,1,escape-lvl1,203,89,0.43842364532019706,118,0.5812807881773399,PLAYER_LOSES,0.0,0,0.0,0.0,False,0.0
gemini,aliens,3,5,aliens-lvl3,86,66,0.7674418604651163,52,0.6046511627906976,PLAYER_LOSES,3.0,3,1.0,0.0,False,0.0
gemini,aliens,3,2,aliens-lvl3,110,61,0.5545454545454546,72,0.6545454545454545,PLAYER_LOSES,5.0,4,2.0,0.0,False,0.0499999999875
gemini,aliens,3,4,aliens-lvl3,702,366,0.5213675213675214,637,0.9074074074074074,PLAYER_LOSES,38.0,21,2.0,0.0,False,0.87499999978125
gemini,aliens,3,3,aliens-lvl3,271,157,0.5793357933579336,235,0.8671586715867159,PLAYER_LOSES,13.0,7,2.0,0.0,False,0.2499999999375
gemini,aliens,3,1,aliens-lvl3,490,268,0.5469387755102041,413,0.8428571428571429,PLAYER_LOSES,20.0,13,2.0,0.0,False,0.42499999989375
gemini,zelda,0,5,zelda-lvl0,326,9,0.027607361963190184,0,0.0,PLAYER_LOSES,1.0,1,1.0,0.0,False,0.9999999900000002
gemini,zelda,0,2,zelda-lvl0,62,1,0.016129032258064516,0,0.0,PLAYER_LOSES,1.0,1,1.0,0.0,False,0.9999999900000002
gemini,zelda,0,4,zelda-lvl0,262,4,0.015267175572519083,0,0.0,PLAYER_LOSES,0.0,0,0.0,0.0,False,0.0
gemini,zelda,0,3,zelda-lvl0,1942,28,0.014418125643666324,0,0.0,PLAYER_LOSES,1.0,1,1.0,0.0,False,0.9999999900000002
gemini,zelda,0,1,zelda-lvl0,674,8,0.011869436201780416,0,0.0,PLAYER_LOSES,0.0,0,0.0,0.0,False,0.0
gemini,realsokoban,2,5,realsokoban-lvl2,1998,448,0.22422422422422422,618,0.30930930930930933,NO_WINNER,0.0,2,1.0,0.0,False,0.0
gemini,realsokoban,2,2,realsokoban-lvl2,1998,826,0.4134134134134134,1182,0.5915915915915916,NO_WINNER,0.0,3,1.0,0.0,False,0.0
gemini,realsokoban,2,4,realsokoban-lvl2,1998,651,0.3258258258258258,985,0.492992992992993,NO_WINNER,0.0,4,1.0,0.0,False,0.0
gemini,realsokoban,2,3,realsokoban-lvl2,1998,481,0.24074074074074073,732,0.3663663663663664,NO_WINNER,0.0,3,1.0,0.0,False,0.0
gemini,realsokoban,2,1,realsokoban-lvl2,1998,670,0.3353353353353353,980,0.4904904904904905,NO_WINNER,0.0,5,1.0,0.0,False,0.0
gemini,aliens,1,5,aliens-lvl1,162,94,0.5802469135802469,134,0.8271604938271605,PLAYER_LOSES,17.0,13,2.0,0.0,False,0.21538461535147932
gemini,aliens,1,2,aliens-lvl1,604,339,0.5612582781456954,513,0.8493377483443708,PLAYER_LOSES,59.0,43,2.0,0.0,False,0.8615384614059173
gemini,aliens,1,4,aliens-lvl1,427,230,0.5386416861826698,367,0.8594847775175644,PLAYER_LOSES,37.0,26,2.0,0.0,False,0.5230769229964497
gemini,aliens,1,3,aliens-lvl1,152,90,0.5921052631578947,139,0.9144736842105263,PLAYER_LOSES,8.0,8,1.0,0.0,False,0.07692307691124262
gemini,aliens,1,1,aliens-lvl1,182,116,0.6373626373626373,133,0.7307692307692307,PLAYER_LOSES,21.0,17,2.0,0.0,False,0.2769230768804734
gemini,boulderdash,4,5,boulderdash-lvl4,1998,269,0.13463463463463463,244,0.12212212212212212,NO_WINNER,14.0,7,2.0,0.0,False,0.8333333326388889
gemini,boulderdash,4,2,boulderdash-lvl4,1998,195,0.09759759759759759,171,0.08558558558558559,NO_WINNER,6.0,3,2.0,0.0,False,0.16666666652777776
gemini,boulderdash,4,4,boulderdash-lvl4,1998,219,0.10960960960960961,189,0.0945945945945946,NO_WINNER,14.0,7,2.0,0.0,False,0.8333333326388889
gemini,boulderdash,4,3,boulderdash-lvl4,1081,194,0.17946345975948197,151,0.1396854764107308,PLAYER_LOSES,12.0,6,2.0,0.0,False,0.666666666111111
gemini,boulderdash,4,1,boulderdash-lvl4,245,41,0.1673469387755102,34,0.13877551020408163,PLAYER_LOSES,4.0,2,2.0,0.0,False,0.0
gemini,aliens,2,5,aliens-lvl2,310,191,0.6161290322580645,232,0.7483870967741936,PLAYER_LOSES,35.0,27,2.0,0.0,False,0.46874999992675787
gemini,aliens,2,2,aliens-lvl2,681,390,0.5726872246696035,627,0.920704845814978,PLAYER_LOSES,27.0,19,2.0,0.0,False,0.3437499999462891
gemini,aliens,2,4,aliens-lvl2,308,216,0.7012987012987013,207,0.672077922077922,PLAYER_LOSES,33.0,25,2.0,0.0,False,0.4374999999316407
gemini,aliens,2,3,aliens-lvl2,370,257,0.6945945945945946,159,0.4297297297297297,PLAYER_LOSES,48.0,33,2.0,0.0,False,0.6718749998950196
gemini,aliens,2,1,aliens-lvl2,335,216,0.6447761194029851,234,0.6985074626865672,PLAYER_LOSES,37.0,27,2.0,0.0,False,0.49999999992187505
gemini,boulderdash,3,5,boulderdash-lvl3,1998,314,0.15715715715715717,297,0.14864864864864866,NO_WINNER,4.0,2,2.0,0.0,False,0.3333333330555555
gemini,boulderdash,3,2,boulderdash-lvl3,1998,470,0.23523523523523523,455,0.22772772772772773,NO_WINNER,12.0,6,2.0,0.0,False,0.9999999991666666
gemini,boulderdash,3,4,boulderdash-lvl3,403,54,0.13399503722084366,39,0.0967741935483871,PLAYER_LOSES,8.0,4,2.0,0.0,False,0.666666666111111
gemini,boulderdash,3,3,boulderdash-lvl3,1998,204,0.1021021021021021,192,0.0960960960960961,NO_WINNER,4.0,2,2.0,0.0,False,0.3333333330555555
gemini,boulderdash,3,1,boulderdash-lvl3,1998,258,0.12912912912912913,225,0.11261261261261261,NO_WINNER,12.0,6,2.0,0.0,False,0.9999999991666666
gemini,realsokoban,3,5,realsokoban-lvl3,1998,746,0.3733733733733734,1222,0.6116116116116116,NO_WINNER,0.0,0,0.0,0.0,False,0.0
gemini,realsokoban,3,2,realsokoban-lvl3,1998,582,0.2912912912912913,782,0.3913913913913914,NO_WINNER,0.0,0,0.0,0.0,False,0.0
gemini,realsokoban,3,4,realsokoban-lvl3,1998,416,0.2082082082082082,595,0.2977977977977978,NO_WINNER,0.0,0,0.0,0.0,False,0.0
gemini,realsokoban,3,3,realsokoban-lvl3,1998,152,0.07607607607607608,211,0.10560560560560561,NO_WINNER,0.0,0,0.0,0.0,False,0.0
gemini,realsokoban,3,1,realsokoban-lvl3,1998,515,0.2577577577577578,727,0.3638638638638639,NO_WINNER,0.0,0,0.0,0.0,False,0.0
gemini,zelda,3,5,zelda-lvl3,10,0,0.0,0,0.0,PLAYER_LOSES,0.0,0,0.0,0.0,False,0.0
gemini,zelda,3,4,zelda-lvl3,26,1,0.038461538461538464,0,0.0,PLAYER_LOSES,0.0,0,0.0,0.0,False,0.0
gemini,zelda,3,3,zelda-lvl3,50,0,0.0,0,0.0,PLAYER_LOSES,0.0,0,0.0,0.0,False,0.0
gemini,zelda,3,1,zelda-lvl3,62,2,0.03225806451612903,0,0.0,PLAYER_LOSES,0.0,0,0.0,0.0,False,0.0
gemini,zelda,2,5,zelda-lvl2,186,0,0.0,0,0.0,PLAYER_LOSES,0.0,0,0.0,0.0,False,0.0
gemini,zelda,2,2,zelda-lvl2,286,8,0.027972027972027972,0,0.0,PLAYER_LOSES,0.0,0,0.0,0.0,False,0.0
gemini,zelda,2,4,zelda-lvl2,154,2,0.012987012987012988,0,0.0,PLAYER_LOSES,0.0,0,0.0,0.0,False,0.0
gemini,zelda,2,3,zelda-lvl2,54,0,0.0,0,0.0,PLAYER_LOSES,0.0,0,0.0,0.0,False,0.0
gemini,zelda,2,1,zelda-lvl2,34,2,0.058823529411764705,0,0.0,PLAYER_LOSES,0.0,0,0.0,0.0,False,0.0
chatgpt o3-mini (reasoner model),boulderdash,2,5,boulderdash-lvl2,140,69,0.4928571428571429,53,0.37857142857142856,PLAYER_LOSES,2.0,1,2.0,0.0,False,0.124999999921875
chatgpt o3-mini (reasoner model),boulderdash,2,2,boulderdash-lvl2,588,256,0.43537414965986393,245,0.4166666666666667,PLAYER_LOSES,4.0,2,2.0,0.0,False,0.24999999984375
chatgpt o3-mini (reasoner model),boulderdash,2,4,boulderdash-lvl2,903,348,0.3853820598006645,325,0.3599114064230343,PLAYER_LOSES,16.0,8,2.0,0.0,False,0.999999999375
chatgpt o3-mini (reasoner model),boulderdash,2,3,boulderdash-lvl2,774,319,0.41214470284237725,280,0.36175710594315247,PLAYER_LOSES,14.0,7,2.0,0.0,False,0.874999999453125
chatgpt o3-mini (reasoner model),boulderdash,2,1,boulderdash-lvl2,1998,670,0.3353353353353353,658,0.32932932932932935,NO_WINNER,2.0,1,2.0,0.0,False,0.124999999921875
chatgpt o3-mini (reasoner model),escape,2,5,escape-lvl2,998,301,0.3016032064128257,664,0.6653306613226453,PLAYER_LOSES,0.0,0,0.0,0.0,False,0.0
chatgpt o3-mini (reasoner model),escape,2,2,escape-lvl2,998,385,0.38577154308617234,995,0.996993987975952,PLAYER_LOSES,0.0,0,0.0,0.0,False,0.0
chatgpt o3-mini (reasoner model),escape,2,4,escape-lvl2,998,358,0.3587174348697395,993,0.9949899799599199,PLAYER_LOSES,0.0,0,0.0,0.0,False,0.0
chatgpt o3-mini (reasoner model),escape,2,3,escape-lvl2,998,324,0.3246492985971944,688,0.6893787575150301,PLAYER_LOSES,0.0,0,0.0,0.0,False,0.0
chatgpt o3-mini (reasoner model),escape,2,1,escape-lvl2,998,275,0.2755511022044088,568,0.5691382765531062,PLAYER_LOSES,0.0,0,0.0,0.0,False,0.0
chatgpt o3-mini (reasoner model),boulderdash,1,5,boulderdash-lvl1,442,173,0.3914027149321267,156,0.35294117647058826,PLAYER_LOSES,14.0,7,2.0,0.0,False,0.9999999989999999
chatgpt o3-mini (reasoner model),boulderdash,1,2,boulderdash-lvl1,1998,925,0.46296296296296297,886,0.44344344344344344,NO_WINNER,7.0,4,2.0,0.0,False,0.29999999969999996
chatgpt o3-mini (reasoner model),boulderdash,1,4,boulderdash-lvl1,12,8,0.6666666666666666,5,0.4166666666666667,PLAYER_LOSES,4.0,2,2.0,0.0,False,0.0
chatgpt o3-mini (reasoner model),boulderdash,1,3,boulderdash-lvl1,45,34,0.7555555555555555,24,0.5333333333333333,PLAYER_LOSES,14.0,7,2.0,2.0,False,0.9999999989999999
chatgpt o3-mini (reasoner model),boulderdash,1,1,boulderdash-lvl1,383,184,0.4804177545691906,165,0.4308093994778068,PLAYER_LOSES,6.0,3,2.0,0.0,False,0.1999999998
chatgpt o3-mini (reasoner model),realsokoban,0,2,realsokoban-lvl0,1998,835,0.41791791791791794,1962,0.9819819819819819,NO_WINNER,2.0,3,1.0,0.0,False,0.6666666644444444
chatgpt o3-mini (reasoner model),realsokoban,0,4,realsokoban-lvl0,1998,1092,0.5465465465465466,1975,0.9884884884884885,NO_WINNER,1.0,3,1.0,0.0,False,0.3333333322222222
chatgpt o3-mini (reasoner model),realsokoban,0,3,realsokoban-lvl0,1998,937,0.46896896896896895,1916,0.958958958958959,NO_WINNER,2.0,3,1.0,0.0,False,0.6666666644444444
chatgpt o3-mini (reasoner model),realsokoban,0,1,realsokoban-lvl0,1998,741,0.3708708708708709,1910,0.955955955955956,NO_WINNER,3.0,3,1.0,0.0,False,0.9999999966666667
chatgpt o3-mini (reasoner model),sokoban,3,2,sokoban-lvl3,1998,566,0.2832832832832833,1963,0.9824824824824825,NO_WINNER,2.0,2,1.0,0.0,False,0.999999995
chatgpt o3-mini (reasoner model),sokoban,3,4,sokoban-lvl3,1998,37,0.018518518518518517,77,0.03853853853853854,NO_WINNER,0.0,0,0.0,0.0,False,0.0
chatgpt o3-mini (reasoner model),sokoban,3,3,sokoban-lvl3,1998,933,0.466966966966967,1997,0.9994994994994995,NO_WINNER,1.0,1,1.0,0.0,False,0.4999999975
chatgpt o3-mini (reasoner model),sokoban,3,1,sokoban-lvl3,1998,706,0.3533533533533533,1893,0.9474474474474475,NO_WINNER,2.0,2,1.0,0.0,False,0.999999995
chatgpt o3-mini (reasoner model),escape,0,5,escape-lvl0,17,15,0.8823529411764706,16,0.9411764705882353,PLAYER_WINS,0.0,0,0.0,0.0,True,0.0
chatgpt o3-mini (reasoner model),escape,0,2,escape-lvl0,23,15,0.6521739130434783,22,0.9565217391304348,PLAYER_WINS,0.0,0,0.0,0.0,True,0.0
chatgpt o3-mini (reasoner model),escape,0,4,escape-lvl0,998,113,0.11322645290581163,248,0.24849699398797595,PLAYER_LOSES,0.0,0,0.0,0.0,False,0.0
chatgpt o3-mini (reasoner model),escape,0,3,escape-lvl0,19,15,0.7894736842105263,18,0.9473684210526315,PLAYER_WINS,0.0,0,0.0,0.0,True,0.0
chatgpt o3-mini (reasoner model),escape,0,1,escape-lvl0,25,19,0.76,24,0.96,PLAYER_WINS,0.0,0,0.0,0.0,True,0.0
chatgpt o3-mini (reasoner model),sokoban,4,5,sokoban-lvl4,7,6,0.8571428571428571,6,0.8571428571428571,PLAYER_WINS,1.0,1,1.0,0.0,True,0.0
chatgpt o3-mini (reasoner model),sokoban,4,2,sokoban-lvl4,20,18,0.9,19,0.95,PLAYER_WINS,1.0,1,1.0,0.0,True,0.0
chatgpt o3-mini (reasoner model),sokoban,4,4,sokoban-lvl4,22,19,0.8636363636363636,21,0.9545454545454546,PLAYER_WINS,1.0,1,1.0,0.0,True,0.0
chatgpt o3-mini (reasoner model),sokoban,4,3,sokoban-lvl4,14,13,0.9285714285714286,13,0.9285714285714286,PLAYER_WINS,1.0,1,1.0,0.0,True,0.0
chatgpt o3-mini (reasoner model),sokoban,4,1,sokoban-lvl4,22,19,0.8636363636363636,21,0.9545454545454546,PLAYER_WINS,1.0,1,1.0,0.0,True,0.0
chatgpt o3-mini (reasoner model),realsokoban,1,5,realsokoban-lvl1,1998,708,0.35435435435435436,1978,0.98998998998999,NO_WINNER,0.0,0,0.0,0.0,False,0.0
chatgpt o3-mini (reasoner model),realsokoban,1,2,realsokoban-lvl1,1998,957,0.47897897897897895,1979,0.9904904904904905,NO_WINNER,0.0,0,0.0,0.0,False,0.0
chatgpt o3-mini (reasoner model),realsokoban,1,4,realsokoban-lvl1,1998,764,0.38238238238238237,1995,0.9984984984984985,NO_WINNER,1.0,1,1.0,0.0,False,0.9999999900000002
chatgpt o3-mini (reasoner model),realsokoban,1,3,realsokoban-lvl1,1998,503,0.25175175175175174,1994,0.997997997997998,NO_WINNER,0.0,0,0.0,0.0,False,0.0
chatgpt o3-mini (reasoner model),realsokoban,1,1,realsokoban-lvl1,1998,1163,0.5820820820820821,1937,0.9694694694694694,NO_WINNER,1.0,1,1.0,0.0,False,0.9999999900000002
chatgpt o3-mini (reasoner model),realsokoban,4,2,realsokoban-lvl4,1998,839,0.4199199199199199,1977,0.9894894894894894,NO_WINNER,0.0,0,0.0,0.0,False,0.0
chatgpt o3-mini (reasoner model),realsokoban,4,4,realsokoban-lvl4,1998,925,0.46296296296296297,1913,0.9574574574574575,NO_WINNER,0.0,0,0.0,0.0,False,0.0
chatgpt o3-mini (reasoner model),realsokoban,4,3,realsokoban-lvl4,1998,664,0.33233233233233234,1955,0.9784784784784785,NO_WINNER,0.0,0,0.0,0.0,False,0.0
chatgpt o3-mini (reasoner model),realsokoban,4,1,realsokoban-lvl4,1998,877,0.4389389389389389,1881,0.9414414414414415,NO_WINNER,0.0,0,0.0,0.0,False,0.0
chatgpt o3-mini (reasoner model),sokoban,2,2,sokoban-lvl2,47,40,0.851063829787234,45,0.9574468085106383,PLAYER_WINS,2.0,2,1.0,0.0,True,0.999999995
chatgpt o3-mini (reasoner model),sokoban,2,3,sokoban-lvl2,33,28,0.8484848484848485,32,0.9696969696969697,PLAYER_WINS,2.0,2,1.0,0.0,True,0.999999995
chatgpt o3-mini (reasoner model),sokoban,2,1,sokoban-lvl2,1998,520,0.2602602602602603,1948,0.974974974974975,NO_WINNER,2.0,2,1.0,0.0,False,0.999999995
chatgpt o3-mini (reasoner model),aliens,0,5,aliens-lvl0,682,518,0.7595307917888563,232,0.34017595307917886,PLAYER_WINS,67.0,48,2.0,0.0,True,0.9999999998148148
chatgpt o3-mini (reasoner model),aliens,0,2,aliens-lvl0,732,580,0.7923497267759563,298,0.40710382513661203,PLAYER_WINS,57.0,38,2.0,0.0,True,0.8148148146639231
chatgpt o3-mini (reasoner model),aliens,0,4,aliens-lvl0,221,181,0.8190045248868778,99,0.4479638009049774,PLAYER_LOSES,33.0,28,2.0,0.0,False,0.37037037030178327
chatgpt o3-mini (reasoner model),aliens,0,3,aliens-lvl0,711,526,0.739803094233474,327,0.459915611814346,PLAYER_LOSES,51.0,36,2.0,0.0,False,0.7037037035733882
chatgpt o3-mini (reasoner model),aliens,0,1,aliens-lvl0,701,510,0.7275320970042796,270,0.38516405135520687,PLAYER_WINS,62.0,43,2.0,0.0,True,0.907407407239369
chatgpt o3-mini (reasoner model),sokoban,0,2,sokoban-lvl0,1998,990,0.4954954954954955,1996,0.998998998998999,NO_WINNER,1.0,1,1.0,0.0,False,0.9999999900000002
chatgpt o3-mini (reasoner model),sokoban,0,4,sokoban-lvl0,1998,960,0.4804804804804805,1993,0.9974974974974975,NO_WINNER,0.0,0,0.0,0.0,False,0.0
chatgpt o3-mini (reasoner model),sokoban,0,3,sokoban-lvl0,1998,935,0.46796796796796797,1989,0.9954954954954955,NO_WINNER,0.0,0,0.0,0.0,False,0.0
chatgpt o3-mini (reasoner model),sokoban,0,1,sokoban-lvl0,1998,859,0.42992992992992995,1977,0.9894894894894894,NO_WINNER,0.0,0,0.0,0.0,False,0.0
chatgpt o3-mini (reasoner model),zelda,1,5,zelda-lvl1,58,4,0.06896551724137931,0,0.0,PLAYER_LOSES,1.0,1,1.0,0.0,False,0.9999999900000002
chatgpt o3-mini (reasoner model),zelda,1,2,zelda-lvl1,97,6,0.061855670103092786,0,0.0,PLAYER_LOSES,1.0,1,1.0,0.0,False,0.9999999900000002
chatgpt o3-mini (reasoner model),zelda,1,4,zelda-lvl1,223,4,0.017937219730941704,0,0.0,PLAYER_WINS,1.0,1,1.0,0.0,True,0.9999999900000002
chatgpt o3-mini (reasoner model),zelda,1,3,zelda-lvl1,66,2,0.030303030303030304,0,0.0,PLAYER_WINS,1.0,1,1.0,0.0,True,0.9999999900000002
chatgpt o3-mini (reasoner model),zelda,1,1,zelda-lvl1,134,39,0.291044776119403,0,0.0,PLAYER_LOSES,0.0,0,0.0,0.0,False,0.0
chatgpt o3-mini (reasoner model),zelda,4,5,zelda-lvl4,30,1,0.03333333333333333,0,0.0,PLAYER_WINS,1.0,1,1.0,0.0,True,0.9999999900000002
chatgpt o3-mini (reasoner model),zelda,4,2,zelda-lvl4,37,1,0.02702702702702703,0,0.0,PLAYER_WINS,1.0,1,1.0,0.0,True,0.9999999900000002
chatgpt o3-mini (reasoner model),zelda,4,4,zelda-lvl4,11,1,0.09090909090909091,0,0.0,PLAYER_LOSES,0.0,0,0.0,0.0,False,0.0
chatgpt o3-mini (reasoner model),zelda,4,3,zelda-lvl4,24,1,0.041666666666666664,0,0.0,PLAYER_WINS,1.0,1,1.0,0.0,True,0.9999999900000002
chatgpt o3-mini (reasoner model),zelda,4,1,zelda-lvl4,286,53,0.1853146853146853,0,0.0,PLAYER_LOSES,0.0,0,0.0,0.0,False,0.0
chatgpt o3-mini (reasoner model),escape,4,5,escape-lvl4,948,476,0.5021097046413502,921,0.9715189873417721,PLAYER_LOSES,0.0,0,0.0,0.0,False,0.0
chatgpt o3-mini (reasoner model),escape,4,2,escape-lvl4,998,449,0.4498997995991984,996,0.9979959919839679,PLAYER_LOSES,0.0,0,0.0,0.0,False,0.0
chatgpt o3-mini (reasoner model),escape,4,4,escape-lvl4,791,379,0.47914032869785084,761,0.9620733249051833,PLAYER_LOSES,0.0,0,0.0,0.0,False,0.0
chatgpt o3-mini (reasoner model),escape,4,3,escape-lvl4,998,446,0.4468937875751503,961,0.9629258517034068,PLAYER_LOSES,0.0,0,0.0,0.0,False,0.0
chatgpt o3-mini (reasoner model),escape,4,1,escape-lvl4,198,106,0.5353535353535354,197,0.9949494949494949,PLAYER_LOSES,0.0,0,0.0,0.0,False,0.0
chatgpt o3-mini (reasoner model),sokoban,1,5,sokoban-lvl1,55,43,0.7818181818181819,54,0.9818181818181818,PLAYER_WINS,2.0,2,1.0,0.0,True,0.999999995
chatgpt o3-mini (reasoner model),sokoban,1,2,sokoban-lvl1,65,52,0.8,64,0.9846153846153847,PLAYER_WINS,2.0,2,1.0,0.0,True,0.999999995
chatgpt o3-mini (reasoner model),sokoban,1,4,sokoban-lvl1,85,54,0.6352941176470588,84,0.9882352941176471,PLAYER_WINS,2.0,2,1.0,0.0,True,0.999999995
chatgpt o3-mini (reasoner model),sokoban,1,3,sokoban-lvl1,44,36,0.8181818181818182,43,0.9772727272727273,PLAYER_WINS,2.0,2,1.0,0.0,True,0.999999995
chatgpt o3-mini (reasoner model),sokoban,1,1,sokoban-lvl1,1998,818,0.4094094094094094,1961,0.9814814814814815,NO_WINNER,1.0,1,1.0,0.0,False,0.4999999975
chatgpt o3-mini (reasoner model),escape,3,5,escape-lvl3,998,510,0.5110220440881763,984,0.9859719438877755,PLAYER_LOSES,0.0,0,0.0,0.0,False,0.0
chatgpt o3-mini (reasoner model),escape,3,2,escape-lvl3,47,29,0.6170212765957447,46,0.9787234042553191,PLAYER_WINS,0.0,0,0.0,0.0,True,0.0
chatgpt o3-mini (reasoner model),escape,3,4,escape-lvl3,25,22,0.88,24,0.96,PLAYER_WINS,0.0,0,0.0,0.0,True,0.0
chatgpt o3-mini (reasoner model),escape,3,3,escape-lvl3,53,29,0.5471698113207547,52,0.9811320754716981,PLAYER_WINS,0.0,0,0.0,0.0,True,0.0
chatgpt o3-mini (reasoner model),escape,3,1,escape-lvl3,55,40,0.7272727272727273,54,0.9818181818181818,PLAYER_WINS,0.0,0,0.0,0.0,True,0.0
chatgpt o3-mini (reasoner model),boulderdash,0,5,boulderdash-lvl0,1196,421,0.3520066889632107,410,0.342809364548495,PLAYER_LOSES,6.0,3,2.0,0.0,False,0.2222222220987654
chatgpt o3-mini (reasoner model),boulderdash,0,2,boulderdash-lvl0,1998,780,0.39039039039039036,724,0.36236236236236236,NO_WINNER,20.0,10,2.0,0.0,False,0.9999999994444444
chatgpt o3-mini (reasoner model),boulderdash,0,4,boulderdash-lvl0,1998,857,0.4289289289289289,850,0.42542542542542544,NO_WINNER,4.0,2,2.0,0.0,False,0.1111111110493827
chatgpt o3-mini (reasoner model),boulderdash,0,3,boulderdash-lvl0,1998,943,0.471971971971972,934,0.4674674674674675,NO_WINNER,4.0,2,2.0,0.0,False,0.1111111110493827
chatgpt o3-mini (reasoner model),boulderdash,0,1,boulderdash-lvl0,38,20,0.5263157894736842,7,0.18421052631578946,PLAYER_LOSES,2.0,1,2.0,2.0,False,0.0
chatgpt o3-mini (reasoner model),aliens,4,5,aliens-lvl4,662,429,0.648036253776435,208,0.31419939577039274,PLAYER_WINS,60.0,41,2.0,0.0,True,0.9999999998333333
chatgpt o3-mini (reasoner model),aliens,4,2,aliens-lvl4,681,439,0.644640234948605,283,0.4155653450807636,PLAYER_WINS,57.0,38,2.0,0.0,True,0.9499999998416666
chatgpt o3-mini (reasoner model),aliens,4,4,aliens-lvl4,505,361,0.7148514851485148,212,0.4198019801980198,PLAYER_WINS,57.0,38,2.0,0.0,True,0.9499999998416666
chatgpt o3-mini (reasoner model),aliens,4,3,aliens-lvl4,358,256,0.7150837988826816,123,0.3435754189944134,PLAYER_LOSES,38.0,27,2.0,0.0,False,0.6333333332277777
chatgpt o3-mini (reasoner model),aliens,4,1,aliens-lvl4,789,508,0.6438529784537389,231,0.29277566539923955,PLAYER_WINS,59.0,40,2.0,0.0,True,0.9833333331694444
chatgpt o3-mini (reasoner model),escape,1,5,escape-lvl1,35,19,0.5428571428571428,29,0.8285714285714286,PLAYER_WINS,0.0,0,0.0,0.0,True,0.0
chatgpt o3-mini (reasoner model),escape,1,2,escape-lvl1,23,16,0.6956521739130435,21,0.9130434782608695,PLAYER_WINS,0.0,0,0.0,0.0,True,0.0
chatgpt o3-mini (reasoner model),escape,1,4,escape-lvl1,998,220,0.22044088176352705,601,0.6022044088176353,PLAYER_LOSES,0.0,0,0.0,0.0,False,0.0
chatgpt o3-mini (reasoner model),escape,1,3,escape-lvl1,998,289,0.2895791583166333,754,0.7555110220440882,PLAYER_LOSES,0.0,0,0.0,0.0,False,0.0
chatgpt o3-mini (reasoner model),escape,1,1,escape-lvl1,36,17,0.4722222222222222,35,0.9722222222222222,PLAYER_WINS,0.0,0,0.0,0.0,True,0.0
chatgpt o3-mini (reasoner model),aliens,3,5,aliens-lvl3,598,398,0.6655518394648829,226,0.3779264214046823,PLAYER_LOSES,38.0,19,2.0,0.0,False,0.87499999978125
chatgpt o3-mini (reasoner model),aliens,3,2,aliens-lvl3,663,366,0.5520361990950227,513,0.7737556561085973,PLAYER_LOSES,36.0,18,2.0,0.0,False,0.8249999997937499
chatgpt o3-mini (reasoner model),aliens,3,4,aliens-lvl3,647,413,0.6383307573415765,273,0.42194744976816073,PLAYER_WINS,38.0,19,2.0,0.0,True,0.87499999978125
chatgpt o3-mini (reasoner model),aliens,3,3,aliens-lvl3,562,381,0.6779359430604982,208,0.3701067615658363,PLAYER_WINS,38.0,19,2.0,0.0,True,0.87499999978125
chatgpt o3-mini (reasoner model),aliens,3,1,aliens-lvl3,566,353,0.6236749116607774,215,0.37985865724381623,PLAYER_WINS,38.0,19,2.0,0.0,True,0.87499999978125
chatgpt o3-mini (reasoner model),zelda,0,5,zelda-lvl0,39,1,0.02564102564102564,0,0.0,PLAYER_WINS,1.0,1,1.0,0.0,True,0.9999999900000002
chatgpt o3-mini (reasoner model),zelda,0,2,zelda-lvl0,43,1,0.023255813953488372,0,0.0,PLAYER_WINS,1.0,1,1.0,0.0,True,0.9999999900000002
chatgpt o3-mini (reasoner model),zelda,0,4,zelda-lvl0,39,1,0.02564102564102564,0,0.0,PLAYER_WINS,1.0,1,1.0,0.0,True,0.9999999900000002
chatgpt o3-mini (reasoner model),zelda,0,3,zelda-lvl0,43,1,0.023255813953488372,0,0.0,PLAYER_WINS,1.0,1,1.0,0.0,True,0.9999999900000002
chatgpt o3-mini (reasoner model),zelda,0,1,zelda-lvl0,36,1,0.027777777777777776,0,0.0,PLAYER_WINS,1.0,1,1.0,0.0,True,0.9999999900000002
chatgpt o3-mini (reasoner model),realsokoban,2,5,realsokoban-lvl2,1998,777,0.3888888888888889,1855,0.9284284284284284,NO_WINNER,4.0,10,1.0,0.0,False,0.7999999984
chatgpt o3-mini (reasoner model),realsokoban,2,2,realsokoban-lvl2,1998,819,0.4099099099099099,1945,0.9734734734734735,NO_WINNER,2.0,5,1.0,0.0,False,0.3999999992
chatgpt o3-mini (reasoner model),realsokoban,2,4,realsokoban-lvl2,1998,842,0.4214214214214214,1897,0.9494494494494494,NO_WINNER,5.0,12,1.0,0.0,False,0.9999999980000001
chatgpt o3-mini (reasoner model),realsokoban,2,3,realsokoban-lvl2,1998,778,0.3893893893893894,1734,0.8678678678678678,NO_WINNER,5.0,14,1.0,0.0,False,0.9999999980000001
chatgpt o3-mini (reasoner model),realsokoban,2,1,realsokoban-lvl2,1998,675,0.33783783783783783,1963,0.9824824824824825,NO_WINNER,3.0,6,1.0,0.0,False,0.5999999988
chatgpt o3-mini (reasoner model),aliens,1,5,aliens-lvl1,692,439,0.634393063583815,276,0.3988439306358382,PLAYER_WINS,50.0,31,2.0,0.0,True,0.7230769229656805
chatgpt o3-mini (reasoner model),aliens,1,2,aliens-lvl1,741,466,0.6288798920377868,242,0.3265856950067476,PLAYER_WINS,68.0,49,2.0,0.0,True,0.999999999846154
chatgpt o3-mini (reasoner model),aliens,1,4,aliens-lvl1,656,417,0.635670731707317,182,0.2774390243902439,PLAYER_WINS,67.0,48,2.0,0.0,True,0.9846153844639054
chatgpt o3-mini (reasoner model),aliens,1,3,aliens-lvl1,677,439,0.6484490398818316,215,0.3175775480059084,PLAYER_WINS,62.0,43,2.0,0.0,True,0.9076923075526628
chatgpt o3-mini (reasoner model),aliens,1,1,aliens-lvl1,370,266,0.7189189189189189,157,0.4243243243243243,PLAYER_WINS,58.0,39,2.0,0.0,True,0.8461538460236687
chatgpt o3-mini (reasoner model),boulderdash,4,5,boulderdash-lvl4,1998,968,0.4844844844844845,964,0.4824824824824825,NO_WINNER,12.0,6,2.0,0.0,False,0.666666666111111
chatgpt o3-mini (reasoner model),boulderdash,4,2,boulderdash-lvl4,35,14,0.4,9,0.2571428571428571,PLAYER_LOSES,4.0,2,2.0,0.0,False,0.0
chatgpt o3-mini (reasoner model),boulderdash,4,4,boulderdash-lvl4,83,34,0.40963855421686746,27,0.3253012048192771,PLAYER_LOSES,6.0,3,2.0,0.0,False,0.16666666652777776
chatgpt o3-mini (reasoner model),boulderdash,4,3,boulderdash-lvl4,103,51,0.49514563106796117,31,0.30097087378640774,PLAYER_LOSES,10.0,5,2.0,0.0,False,0.4999999995833333
chatgpt o3-mini (reasoner model),boulderdash,4,1,boulderdash-lvl4,786,331,0.4211195928753181,324,0.4122137404580153,PLAYER_LOSES,6.0,3,2.0,0.0,False,0.16666666652777776
chatgpt o3-mini (reasoner model),aliens,2,5,aliens-lvl2,764,541,0.7081151832460733,261,0.3416230366492147,PLAYER_WINS,60.0,41,2.0,0.0,True,0.8593749998657227
chatgpt o3-mini (reasoner model),aliens,2,2,aliens-lvl2,780,585,0.75,283,0.3628205128205128,PLAYER_WINS,68.0,49,2.0,0.0,True,0.9843749998461915
chatgpt o3-mini (reasoner model),aliens,2,4,aliens-lvl2,764,480,0.6282722513089005,269,0.35209424083769636,PLAYER_WINS,65.0,46,2.0,0.0,True,0.9374999998535157
chatgpt o3-mini (reasoner model),aliens,2,3,aliens-lvl2,720,524,0.7277777777777777,247,0.34305555555555556,PLAYER_WINS,62.0,43,2.0,0.0,True,0.89062499986084
chatgpt o3-mini (reasoner model),aliens,2,1,aliens-lvl2,857,619,0.7222870478413069,303,0.35355892648774795,PLAYER_WINS,69.0,50,2.0,0.0,True,0.9999999998437501
chatgpt o3-mini (reasoner model),boulderdash,3,5,boulderdash-lvl3,1998,986,0.4934934934934935,979,0.48998998998999,NO_WINNER,6.0,3,2.0,0.0,False,0.4999999995833333
chatgpt o3-mini (reasoner model),boulderdash,3,2,boulderdash-lvl3,23,15,0.6521739130434783,7,0.30434782608695654,PLAYER_LOSES,0.0,0,0.0,0.0,False,0.0
chatgpt o3-mini (reasoner model),boulderdash,3,4,boulderdash-lvl3,42,19,0.4523809523809524,14,0.3333333333333333,PLAYER_LOSES,0.0,0,0.0,0.0,False,0.0
chatgpt o3-mini (reasoner model),boulderdash,3,3,boulderdash-lvl3,9,5,0.5555555555555556,2,0.2222222222222222,PLAYER_LOSES,0.0,0,0.0,0.0,False,0.0
chatgpt o3-mini (reasoner model),boulderdash,3,1,boulderdash-lvl3,18,12,0.6666666666666666,6,0.3333333333333333,PLAYER_LOSES,0.0,0,0.0,0.0,False,0.0
chatgpt o3-mini (reasoner model),realsokoban,3,2,realsokoban-lvl3,1998,816,0.4084084084084084,1707,0.8543543543543544,NO_WINNER,1.0,1,1.0,0.0,False,0.9999999900000002
chatgpt o3-mini (reasoner model),realsokoban,3,3,realsokoban-lvl3,1998,744,0.37237237237237236,1802,0.9019019019019019,NO_WINNER,1.0,1,1.0,0.0,False,0.9999999900000002
chatgpt o3-mini (reasoner model),realsokoban,3,1,realsokoban-lvl3,1998,758,0.3793793793793794,1802,0.9019019019019019,NO_WINNER,1.0,1,1.0,0.0,False,0.9999999900000002
chatgpt o3-mini (reasoner model),zelda,3,5,zelda-lvl3,24,1,0.041666666666666664,0,0.0,PLAYER_LOSES,1.0,1,1.0,0.0,False,0.3333333322222222
chatgpt o3-mini (reasoner model),zelda,3,2,zelda-lvl3,35,1,0.02857142857142857,0,0.0,PLAYER_WINS,1.0,1,1.0,0.0,True,0.3333333322222222
chatgpt o3-mini (reasoner model),zelda,3,4,zelda-lvl3,34,1,0.029411764705882353,0,0.0,PLAYER_WINS,1.0,1,1.0,0.0,True,0.3333333322222222
chatgpt o3-mini (reasoner model),zelda,3,3,zelda-lvl3,33,4,0.12121212121212122,0,0.0,PLAYER_WINS,3.0,2,2.0,0.0,True,0.9999999966666667
chatgpt o3-mini (reasoner model),zelda,3,1,zelda-lvl3,32,1,0.03125,0,0.0,PLAYER_WINS,1.0,1,1.0,0.0,True,0.3333333322222222
chatgpt o3-mini (reasoner model),zelda,2,5,zelda-lvl2,47,1,0.02127659574468085,0,0.0,PLAYER_WINS,1.0,1,1.0,0.0,True,0.9999999900000002
chatgpt o3-mini (reasoner model),zelda,2,2,zelda-lvl2,42,1,0.023809523809523808,0,0.0,PLAYER_LOSES,1.0,1,1.0,0.0,False,0.9999999900000002
chatgpt o3-mini (reasoner model),zelda,2,4,zelda-lvl2,49,1,0.02040816326530612,0,0.0,PLAYER_WINS,1.0,1,1.0,0.0,True,0.9999999900000002
chatgpt o3-mini (reasoner model),zelda,2,3,zelda-lvl2,54,1,0.018518518518518517,0,0.0,PLAYER_WINS,1.0,1,1.0,0.0,True,0.9999999900000002
chatgpt o3-mini (reasoner model),zelda,2,1,zelda-lvl2,50,1,0.02,0,0.0,PLAYER_WINS,1.0,1,1.0,0.0,True,0.9999999900000002
chatgpt 4o-mini,boulderdash,2,5,boulderdash-lvl2,110,43,0.39090909090909093,18,0.16363636363636364,PLAYER_LOSES,6.0,3,2.0,0.0,False,0.374999999765625
chatgpt 4o-mini,boulderdash,2,2,boulderdash-lvl2,1565,131,0.08370607028753993,91,0.058146964856230034,PLAYER_LOSES,6.0,3,2.0,0.0,False,0.374999999765625
chatgpt 4o-mini,boulderdash,2,4,boulderdash-lvl2,306,42,0.13725490196078433,22,0.0718954248366013,PLAYER_LOSES,6.0,3,2.0,0.0,False,0.374999999765625
chatgpt 4o-mini,boulderdash,2,3,boulderdash-lvl2,120,42,0.35,29,0.24166666666666667,PLAYER_LOSES,8.0,4,2.0,0.0,False,0.4999999996875
chatgpt 4o-mini,boulderdash,2,1,boulderdash-lvl2,735,95,0.1292517006802721,75,0.10204081632653061,PLAYER_LOSES,6.0,3,2.0,0.0,False,0.374999999765625
chatgpt 4o-mini,escape,2,5,escape-lvl2,266,112,0.42105263157894735,156,0.5864661654135338,PLAYER_LOSES,0.0,0,0.0,0.0,False,0.0
chatgpt 4o-mini,escape,2,2,escape-lvl2,78,44,0.5641025641025641,57,0.7307692307692307,PLAYER_LOSES,0.0,0,0.0,0.0,False,0.0
chatgpt 4o-mini,escape,2,4,escape-lvl2,998,371,0.3717434869739479,524,0.5250501002004008,PLAYER_LOSES,0.0,0,0.0,0.0,False,0.0
chatgpt 4o-mini,escape,2,3,escape-lvl2,393,105,0.26717557251908397,151,0.3842239185750636,PLAYER_LOSES,0.0,0,0.0,0.0,False,0.0
chatgpt 4o-mini,escape,2,1,escape-lvl2,998,373,0.37374749498997994,562,0.56312625250501,PLAYER_LOSES,0.0,0,0.0,0.0,False,0.0
chatgpt 4o-mini,boulderdash,1,5,boulderdash-lvl1,884,151,0.17081447963800905,133,0.1504524886877828,PLAYER_LOSES,12.0,6,2.0,0.0,False,0.7999999992
chatgpt 4o-mini,boulderdash,1,2,boulderdash-lvl1,209,76,0.36363636363636365,51,0.24401913875598086,PLAYER_LOSES,12.0,6,2.0,0.0,False,0.7999999992
chatgpt 4o-mini,boulderdash,1,4,boulderdash-lvl1,815,142,0.17423312883435582,108,0.1325153374233129,PLAYER_LOSES,12.0,6,2.0,0.0,False,0.7999999992
chatgpt 4o-mini,boulderdash,1,3,boulderdash-lvl1,178,44,0.24719101123595505,26,0.14606741573033707,PLAYER_LOSES,6.0,3,2.0,0.0,False,0.1999999998
chatgpt 4o-mini,boulderdash,1,1,boulderdash-lvl1,1998,286,0.14314314314314314,261,0.13063063063063063,NO_WINNER,4.0,2,2.0,0.0,False,0.0
chatgpt 4o-mini,realsokoban,0,5,realsokoban-lvl0,1998,892,0.44644644644644643,1437,0.7192192192192193,NO_WINNER,0.0,1,1.0,0.0,False,0.0
chatgpt 4o-mini,realsokoban,0,2,realsokoban-lvl0,1998,778,0.3893893893893894,1130,0.5655655655655656,NO_WINNER,0.0,2,1.0,0.0,False,0.0
chatgpt 4o-mini,realsokoban,0,4,realsokoban-lvl0,1998,688,0.34434434434434436,1039,0.52002002002002,NO_WINNER,0.0,2,1.0,0.0,False,0.0
chatgpt 4o-mini,realsokoban,0,3,realsokoban-lvl0,1998,948,0.4744744744744745,1304,0.6526526526526526,NO_WINNER,0.0,2,1.0,0.0,False,0.0
chatgpt 4o-mini,realsokoban,0,1,realsokoban-lvl0,1998,920,0.46046046046046046,1299,0.6501501501501501,NO_WINNER,0.0,2,1.0,0.0,False,0.0
chatgpt 4o-mini,sokoban,3,5,sokoban-lvl3,1998,582,0.2912912912912913,937,0.46896896896896895,NO_WINNER,0.0,0,0.0,0.0,False,0.0
chatgpt 4o-mini,sokoban,3,2,sokoban-lvl3,1998,746,0.3733733733733734,1153,0.5770770770770771,NO_WINNER,0.0,0,0.0,0.0,False,0.0
chatgpt 4o-mini,sokoban,3,4,sokoban-lvl3,1998,545,0.2727727727727728,849,0.42492492492492495,NO_WINNER,0.0,0,0.0,0.0,False,0.0
chatgpt 4o-mini,sokoban,3,3,sokoban-lvl3,1998,721,0.3608608608608609,1038,0.5195195195195195,NO_WINNER,1.0,1,1.0,0.0,False,0.4999999975
chatgpt 4o-mini,sokoban,3,1,sokoban-lvl3,1998,527,0.26376376376376376,968,0.4844844844844845,NO_WINNER,0.0,0,0.0,0.0,False,0.0
chatgpt 4o-mini,escape,0,5,escape-lvl0,35,22,0.6285714285714286,33,0.9428571428571428,PLAYER_LOSES,0.0,0,0.0,0.0,False,0.0
chatgpt 4o-mini,escape,0,2,escape-lvl0,138,59,0.427536231884058,77,0.5579710144927537,PLAYER_WINS,0.0,0,0.0,0.0,True,0.0
chatgpt 4o-mini,escape,0,4,escape-lvl0,148,84,0.5675675675675675,133,0.8986486486486487,PLAYER_LOSES,0.0,0,0.0,0.0,False,0.0
chatgpt 4o-mini,escape,0,3,escape-lvl0,60,36,0.6,43,0.7166666666666667,PLAYER_LOSES,0.0,0,0.0,0.0,False,0.0
chatgpt 4o-mini,escape,0,1,escape-lvl0,58,28,0.4827586206896552,51,0.8793103448275862,PLAYER_LOSES,0.0,0,0.0,0.0,False,0.0
chatgpt 4o-mini,sokoban,4,5,sokoban-lvl4,1998,733,0.36686686686686687,1086,0.5435435435435435,NO_WINNER,1.0,1,1.0,0.0,False,0.0
chatgpt 4o-mini,sokoban,4,2,sokoban-lvl4,1998,756,0.3783783783783784,1095,0.5480480480480481,NO_WINNER,1.0,1,1.0,0.0,False,0.0
chatgpt 4o-mini,sokoban,4,4,sokoban-lvl4,1998,1078,0.5395395395395396,1643,0.8223223223223223,NO_WINNER,1.0,1,1.0,0.0,False,0.0
chatgpt 4o-mini,sokoban,4,3,sokoban-lvl4,1998,296,0.14814814814814814,486,0.24324324324324326,NO_WINNER,1.0,1,1.0,0.0,False,0.0
chatgpt 4o-mini,sokoban,4,1,sokoban-lvl4,1998,595,0.2977977977977978,912,0.45645645645645644,NO_WINNER,1.0,1,1.0,0.0,False,0.0
chatgpt 4o-mini,realsokoban,1,5,realsokoban-lvl1,1998,569,0.2847847847847848,941,0.47097097097097096,NO_WINNER,0.0,0,0.0,0.0,False,0.0
chatgpt 4o-mini,realsokoban,1,2,realsokoban-lvl1,1998,776,0.3883883883883884,1244,0.6226226226226226,NO_WINNER,0.0,0,0.0,0.0,False,0.0
chatgpt 4o-mini,realsokoban,1,4,realsokoban-lvl1,1998,721,0.3608608608608609,1347,0.6741741741741741,NO_WINNER,0.0,0,0.0,0.0,False,0.0
chatgpt 4o-mini,realsokoban,1,3,realsokoban-lvl1,1998,668,0.33433433433433435,1218,0.6096096096096096,NO_WINNER,0.0,0,0.0,0.0,False,0.0
chatgpt 4o-mini,realsokoban,1,1,realsokoban-lvl1,1998,538,0.26926926926926925,928,0.4644644644644645,NO_WINNER,0.0,0,0.0,0.0,False,0.0
chatgpt 4o-mini,realsokoban,4,5,realsokoban-lvl4,1998,307,0.15365365365365366,415,0.20770770770770772,NO_WINNER,0.0,0,0.0,0.0,False,0.0
chatgpt 4o-mini,realsokoban,4,2,realsokoban-lvl4,1998,593,0.29679679679679677,1011,0.506006006006006,NO_WINNER,0.0,0,0.0,0.0,False,0.0
chatgpt 4o-mini,realsokoban,4,4,realsokoban-lvl4,1998,318,0.15915915915915915,474,0.23723723723723725,NO_WINNER,0.0,0,0.0,0.0,False,0.0
chatgpt 4o-mini,realsokoban,4,3,realsokoban-lvl4,1998,375,0.18768768768768768,581,0.2907907907907908,NO_WINNER,0.0,0,0.0,0.0,False,0.0
chatgpt 4o-mini,realsokoban,4,1,realsokoban-lvl4,1998,335,0.16766766766766766,531,0.26576576576576577,NO_WINNER,0.0,0,0.0,0.0,False,0.0
chatgpt 4o-mini,sokoban,2,5,sokoban-lvl2,1998,668,0.33433433433433435,1100,0.5505505505505506,NO_WINNER,0.0,0,0.0,0.0,False,0.0
chatgpt 4o-mini,sokoban,2,2,sokoban-lvl2,1998,671,0.3358358358358358,1182,0.5915915915915916,NO_WINNER,0.0,0,0.0,0.0,False,0.0
chatgpt 4o-mini,sokoban,2,4,sokoban-lvl2,1998,737,0.3688688688688689,1163,0.5820820820820821,NO_WINNER,0.0,0,0.0,0.0,False,0.0
chatgpt 4o-mini,sokoban,2,3,sokoban-lvl2,1998,693,0.34684684684684686,1083,0.5420420420420421,NO_WINNER,1.0,1,1.0,0.0,False,0.4999999975
chatgpt 4o-mini,sokoban,2,1,sokoban-lvl2,1998,579,0.2897897897897898,836,0.4184184184184184,NO_WINNER,0.0,0,0.0,0.0,False,0.0
chatgpt 4o-mini,aliens,0,5,aliens-lvl0,696,404,0.5804597701149425,442,0.6350574712643678,PLAYER_LOSES,32.0,17,4.0,0.0,False,0.3518518517866941
chatgpt 4o-mini,aliens,0,2,aliens-lvl0,435,243,0.5586206896551724,322,0.7402298850574712,PLAYER_LOSES,14.0,10,2.0,0.0,False,0.018518518515089163
chatgpt 4o-mini,aliens,0,4,aliens-lvl0,587,296,0.504258943781942,534,0.909710391822828,PLAYER_LOSES,17.0,11,2.0,0.0,False,0.07407407406035665
chatgpt 4o-mini,aliens,0,3,aliens-lvl0,181,112,0.6187845303867403,113,0.6243093922651933,PLAYER_LOSES,13.0,10,2.0,0.0,False,0.0
chatgpt 4o-mini,aliens,0,1,aliens-lvl0,665,382,0.5744360902255639,330,0.49624060150375937,PLAYER_WINS,49.0,30,2.0,0.0,True,0.6666666665432098
chatgpt 4o-mini,sokoban,0,5,sokoban-lvl0,1998,1132,0.5665665665665666,1627,0.8143143143143143,NO_WINNER,0.0,0,0.0,0.0,False,0.0
chatgpt 4o-mini,sokoban,0,2,sokoban-lvl0,1998,1014,0.5075075075075075,1437,0.7192192192192193,NO_WINNER,0.0,0,0.0,0.0,False,0.0
chatgpt 4o-mini,sokoban,0,4,sokoban-lvl0,1998,851,0.42592592592592593,1201,0.6011011011011012,NO_WINNER,0.0,0,0.0,0.0,False,0.0
chatgpt 4o-mini,sokoban,0,3,sokoban-lvl0,1998,1002,0.5015015015015015,1459,0.7302302302302303,NO_WINNER,0.0,0,0.0,0.0,False,0.0
chatgpt 4o-mini,sokoban,0,1,sokoban-lvl0,1998,636,0.3183183183183183,924,0.4624624624624625,NO_WINNER,0.0,0,0.0,0.0,False,0.0
chatgpt 4o-mini,zelda,1,5,zelda-lvl1,314,21,0.06687898089171974,0,0.0,PLAYER_LOSES,0.0,0,0.0,0.0,False,0.0
chatgpt 4o-mini,zelda,1,2,zelda-lvl1,154,18,0.11688311688311688,0,0.0,PLAYER_LOSES,0.0,0,0.0,0.0,False,0.0
chatgpt 4o-mini,zelda,1,4,zelda-lvl1,168,8,0.047619047619047616,0,0.0,PLAYER_LOSES,0.0,0,0.0,0.0,False,0.0
chatgpt 4o-mini,zelda,1,3,zelda-lvl1,942,24,0.025477707006369428,0,0.0,PLAYER_LOSES,0.0,0,0.0,0.0,False,0.0
chatgpt 4o-mini,zelda,1,1,zelda-lvl1,406,18,0.04433497536945813,0,0.0,PLAYER_LOSES,0.0,0,0.0,0.0,False,0.0
chatgpt 4o-mini,zelda,4,5,zelda-lvl4,154,18,0.11688311688311688,0,0.0,PLAYER_LOSES,0.0,0,0.0,0.0,False,0.0
chatgpt 4o-mini,zelda,4,2,zelda-lvl4,114,5,0.043859649122807015,0,0.0,PLAYER_LOSES,0.0,0,0.0,0.0,False,0.0
chatgpt 4o-mini,zelda,4,4,zelda-lvl4,212,8,0.03773584905660377,0,0.0,PLAYER_LOSES,0.0,0,0.0,0.0,False,0.0
chatgpt 4o-mini,zelda,4,3,zelda-lvl4,652,98,0.15030674846625766,0,0.0,PLAYER_LOSES,0.0,0,0.0,0.0,False,0.0
chatgpt 4o-mini,zelda,4,1,zelda-lvl4,78,5,0.0641025641025641,0,0.0,PLAYER_LOSES,0.0,0,0.0,0.0,False,0.0
chatgpt 4o-mini,escape,4,5,escape-lvl4,998,376,0.37675350701402804,514,0.5150300601202404,PLAYER_LOSES,0.0,0,0.0,0.0,False,0.0
chatgpt 4o-mini,escape,4,2,escape-lvl4,998,282,0.28256513026052105,455,0.4559118236472946,PLAYER_LOSES,0.0,0,0.0,0.0,False,0.0
chatgpt 4o-mini,escape,4,4,escape-lvl4,998,253,0.2535070140280561,339,0.3396793587174349,PLAYER_LOSES,0.0,0,0.0,0.0,False,0.0
chatgpt 4o-mini,escape,4,3,escape-lvl4,998,226,0.22645290581162325,378,0.3787575150300601,PLAYER_LOSES,0.0,0,0.0,0.0,False,0.0
chatgpt 4o-mini,escape,4,1,escape-lvl4,998,354,0.35470941883767537,545,0.5460921843687375,PLAYER_LOSES,0.0,0,0.0,0.0,False,0.0
chatgpt 4o-mini,sokoban,1,5,sokoban-lvl1,1998,825,0.41291291291291293,1136,0.5685685685685685,NO_WINNER,0.0,0,0.0,0.0,False,0.0
chatgpt 4o-mini,sokoban,1,2,sokoban-lvl1,1998,1128,0.5645645645645646,1634,0.8178178178178178,NO_WINNER,0.0,0,0.0,0.0,False,0.0
chatgpt 4o-mini,sokoban,1,4,sokoban-lvl1,1998,1114,0.5575575575575575,1660,0.8308308308308309,NO_WINNER,0.0,0,0.0,0.0,False,0.0
chatgpt 4o-mini,sokoban,1,3,sokoban-lvl1,1998,1080,0.5405405405405406,1594,0.7977977977977978,NO_WINNER,0.0,0,0.0,0.0,False,0.0
chatgpt 4o-mini,sokoban,1,1,sokoban-lvl1,1998,1051,0.526026026026026,1602,0.8018018018018018,NO_WINNER,0.0,0,0.0,0.0,False,0.0
chatgpt 4o-mini,escape,3,5,escape-lvl3,13,9,0.6923076923076923,10,0.7692307692307693,PLAYER_LOSES,0.0,0,0.0,0.0,False,0.0
chatgpt 4o-mini,escape,3,2,escape-lvl3,7,7,1.0,6,0.8571428571428571,PLAYER_LOSES,0.0,0,0.0,0.0,False,0.0
chatgpt 4o-mini,escape,3,4,escape-lvl3,7,7,1.0,6,0.8571428571428571,PLAYER_LOSES,0.0,0,0.0,0.0,False,0.0
chatgpt 4o-mini,escape,3,3,escape-lvl3,20,11,0.55,10,0.5,PLAYER_LOSES,0.0,0,0.0,0.0,False,0.0
chatgpt 4o-mini,escape,3,1,escape-lvl3,32,16,0.5,25,0.78125,PLAYER_LOSES,0.0,0,0.0,0.0,False,0.0
chatgpt 4o-mini,boulderdash,0,5,boulderdash-lvl0,83,25,0.30120481927710846,18,0.21686746987951808,PLAYER_LOSES,2.0,1,2.0,2.0,False,0.0
chatgpt 4o-mini,boulderdash,0,2,boulderdash-lvl0,273,74,0.27106227106227104,55,0.20146520146520147,PLAYER_LOSES,4.0,2,2.0,0.0,False,0.1111111110493827
chatgpt 4o-mini,boulderdash,0,4,boulderdash-lvl0,120,36,0.3,19,0.15833333333333333,PLAYER_LOSES,2.0,1,2.0,0.0,False,0.0
chatgpt 4o-mini,boulderdash,0,3,boulderdash-lvl0,342,108,0.3157894736842105,92,0.26900584795321636,PLAYER_LOSES,4.0,2,2.0,0.0,False,0.1111111110493827
chatgpt 4o-mini,boulderdash,0,1,boulderdash-lvl0,172,58,0.3372093023255814,44,0.2558139534883721,PLAYER_LOSES,2.0,1,2.0,0.0,False,0.0
chatgpt 4o-mini,aliens,4,5,aliens-lvl4,636,315,0.49528301886792453,348,0.5471698113207547,PLAYER_WINS,44.0,25,2.0,0.0,True,0.733333333211111
chatgpt 4o-mini,aliens,4,2,aliens-lvl4,592,268,0.4527027027027027,540,0.9121621621621622,PLAYER_LOSES,15.0,10,2.0,0.0,False,0.24999999995833333
chatgpt 4o-mini,aliens,4,4,aliens-lvl4,391,191,0.4884910485933504,276,0.7058823529411765,PLAYER_LOSES,24.0,15,2.0,0.0,False,0.39999999993333335
chatgpt 4o-mini,aliens,4,3,aliens-lvl4,295,139,0.4711864406779661,256,0.8677966101694915,PLAYER_LOSES,16.0,13,2.0,0.0,False,0.2666666666222222
chatgpt 4o-mini,aliens,4,1,aliens-lvl4,155,84,0.5419354838709678,104,0.6709677419354839,PLAYER_LOSES,12.0,10,2.0,0.0,False,0.19999999996666668
chatgpt 4o-mini,escape,1,5,escape-lvl1,21,14,0.6666666666666666,17,0.8095238095238095,PLAYER_LOSES,0.0,0,0.0,0.0,False,0.0
chatgpt 4o-mini,escape,1,2,escape-lvl1,84,43,0.5119047619047619,60,0.7142857142857143,PLAYER_LOSES,0.0,0,0.0,0.0,False,0.0
chatgpt 4o-mini,escape,1,4,escape-lvl1,67,32,0.47761194029850745,42,0.6268656716417911,PLAYER_LOSES,0.0,0,0.0,0.0,False,0.0
chatgpt 4o-mini,escape,1,3,escape-lvl1,46,13,0.2826086956521739,20,0.43478260869565216,PLAYER_LOSES,0.0,0,0.0,0.0,False,0.0
chatgpt 4o-mini,escape,1,1,escape-lvl1,907,315,0.3472987872105843,470,0.5181918412348401,PLAYER_LOSES,0.0,0,0.0,0.0,False,0.0
chatgpt 4o-mini,aliens,3,5,aliens-lvl3,843,425,0.5041518386714117,527,0.6251482799525504,PLAYER_LOSES,43.0,24,2.0,0.0,False,0.99999999975
chatgpt 4o-mini,aliens,3,2,aliens-lvl3,259,137,0.528957528957529,196,0.7567567567567568,PLAYER_LOSES,4.0,3,2.0,0.0,False,0.02499999999375
chatgpt 4o-mini,aliens,3,4,aliens-lvl3,713,368,0.5161290322580645,497,0.697054698457223,PLAYER_LOSES,36.0,20,2.0,0.0,False,0.8249999997937499
chatgpt 4o-mini,aliens,3,3,aliens-lvl3,448,234,0.5223214285714286,341,0.7611607142857143,PLAYER_LOSES,24.0,15,2.0,0.0,False,0.52499999986875
chatgpt 4o-mini,aliens,3,1,aliens-lvl3,340,175,0.5147058823529411,305,0.8970588235294118,PLAYER_LOSES,13.0,7,2.0,0.0,False,0.2499999999375
chatgpt 4o-mini,zelda,0,5,zelda-lvl0,174,28,0.16091954022988506,0,0.0,PLAYER_LOSES,0.0,0,0.0,0.0,False,0.0
chatgpt 4o-mini,zelda,0,2,zelda-lvl0,218,19,0.0871559633027523,0,0.0,PLAYER_LOSES,0.0,0,0.0,0.0,False,0.0
chatgpt 4o-mini,zelda,0,4,zelda-lvl0,146,12,0.0821917808219178,0,0.0,PLAYER_LOSES,0.0,0,0.0,0.0,False,0.0
chatgpt 4o-mini,zelda,0,3,zelda-lvl0,220,18,0.08181818181818182,0,0.0,PLAYER_LOSES,0.0,0,0.0,0.0,False,0.0
chatgpt 4o-mini,zelda,0,1,zelda-lvl0,616,45,0.07305194805194805,0,0.0,PLAYER_LOSES,0.0,0,0.0,0.0,False,0.0
chatgpt 4o-mini,realsokoban,2,5,realsokoban-lvl2,1998,745,0.37287287287287285,1024,0.5125125125125125,NO_WINNER,0.0,2,1.0,0.0,False,0.0
chatgpt 4o-mini,realsokoban,2,2,realsokoban-lvl2,1998,914,0.4574574574574575,1267,0.6341341341341341,NO_WINNER,0.0,3,1.0,0.0,False,0.0
chatgpt 4o-mini,realsokoban,2,4,realsokoban-lvl2,1998,944,0.4724724724724725,1326,0.6636636636636637,NO_WINNER,0.0,5,1.0,0.0,False,0.0
chatgpt 4o-mini,realsokoban,2,3,realsokoban-lvl2,1998,965,0.482982982982983,1400,0.7007007007007007,NO_WINNER,0.0,6,1.0,0.0,False,0.0
chatgpt 4o-mini,realsokoban,2,1,realsokoban-lvl2,1998,649,0.32482482482482483,919,0.45995995995996,NO_WINNER,1.0,6,1.0,0.0,False,0.1999999996
chatgpt 4o-mini,aliens,1,5,aliens-lvl1,331,177,0.5347432024169184,246,0.743202416918429,PLAYER_LOSES,3.0,3,1.0,0.0,False,0.0
chatgpt 4o-mini,aliens,1,2,aliens-lvl1,409,238,0.5819070904645477,280,0.684596577017115,PLAYER_LOSES,32.0,20,2.0,0.0,False,0.44615384608520714
chatgpt 4o-mini,aliens,1,4,aliens-lvl1,240,134,0.5583333333333333,160,0.6666666666666666,PLAYER_LOSES,15.0,11,2.0,0.0,False,0.18461538458698226
chatgpt 4o-mini,aliens,1,3,aliens-lvl1,711,362,0.509142053445851,390,0.5485232067510548,PLAYER_LOSES,34.0,20,2.0,0.0,False,0.4769230768497042
chatgpt 4o-mini,aliens,1,1,aliens-lvl1,373,229,0.613941018766756,152,0.4075067024128686,PLAYER_LOSES,35.0,24,2.0,0.0,False,0.4923076922319527
chatgpt 4o-mini,boulderdash,4,5,boulderdash-lvl4,323,99,0.3065015479876161,63,0.19504643962848298,PLAYER_LOSES,8.0,4,2.0,0.0,False,0.3333333330555555
chatgpt 4o-mini,boulderdash,4,2,boulderdash-lvl4,664,197,0.29668674698795183,174,0.2620481927710843,PLAYER_LOSES,16.0,8,2.0,0.0,False,0.9999999991666666
chatgpt 4o-mini,boulderdash,4,4,boulderdash-lvl4,405,119,0.2938271604938272,106,0.2617283950617284,PLAYER_LOSES,14.0,7,2.0,0.0,False,0.8333333326388889
chatgpt 4o-mini,boulderdash,4,3,boulderdash-lvl4,513,143,0.2787524366471735,108,0.21052631578947367,PLAYER_LOSES,8.0,4,2.0,0.0,False,0.3333333330555555
chatgpt 4o-mini,boulderdash,4,1,boulderdash-lvl4,1998,640,0.3203203203203203,540,0.2702702702702703,NO_WINNER,14.0,7,2.0,0.0,False,0.8333333326388889
chatgpt 4o-mini,aliens,2,5,aliens-lvl2,435,276,0.6344827586206897,313,0.7195402298850575,PLAYER_LOSES,36.0,22,2.0,0.0,False,0.48437499992431643
chatgpt 4o-mini,aliens,2,2,aliens-lvl2,348,169,0.48563218390804597,277,0.7959770114942529,PLAYER_LOSES,5.0,5,1.0,0.0,False,0.0
chatgpt 4o-mini,aliens,2,4,aliens-lvl2,227,104,0.4581497797356828,205,0.9030837004405287,PLAYER_LOSES,5.0,5,1.0,0.0,False,0.0
chatgpt 4o-mini,aliens,2,3,aliens-lvl2,181,90,0.4972375690607735,137,0.7569060773480663,PLAYER_LOSES,7.0,6,2.0,0.0,False,0.03124999999511719
chatgpt 4o-mini,aliens,2,1,aliens-lvl2,654,375,0.573394495412844,429,0.6559633027522935,PLAYER_LOSES,43.0,27,2.0,0.0,False,0.5937499999072267
chatgpt 4o-mini,boulderdash,3,5,boulderdash-lvl3,978,222,0.22699386503067484,200,0.20449897750511248,PLAYER_LOSES,8.0,4,2.0,0.0,False,0.666666666111111
chatgpt 4o-mini,boulderdash,3,2,boulderdash-lvl3,464,95,0.20474137931034483,81,0.17456896551724138,PLAYER_LOSES,8.0,4,2.0,0.0,False,0.666666666111111
chatgpt 4o-mini,boulderdash,3,4,boulderdash-lvl3,41,13,0.3170731707317073,6,0.14634146341463414,PLAYER_LOSES,0.0,0,0.0,0.0,False,0.0
chatgpt 4o-mini,boulderdash,3,3,boulderdash-lvl3,1998,264,0.13213213213213212,212,0.1061061061061061,NO_WINNER,8.0,4,2.0,0.0,False,0.666666666111111
chatgpt 4o-mini,boulderdash,3,1,boulderdash-lvl3,500,117,0.234,101,0.202,PLAYER_LOSES,8.0,4,2.0,0.0,False,0.666666666111111
chatgpt 4o-mini,realsokoban,3,5,realsokoban-lvl3,1998,547,0.27377377377377377,748,0.3743743743743744,NO_WINNER,0.0,0,0.0,0.0,False,0.0
chatgpt 4o-mini,realsokoban,3,2,realsokoban-lvl3,1998,690,0.34534534534534533,1006,0.5035035035035035,NO_WINNER,0.0,0,0.0,0.0,False,0.0
chatgpt 4o-mini,realsokoban,3,4,realsokoban-lvl3,1998,391,0.1956956956956957,545,0.2727727727727728,NO_WINNER,0.0,0,0.0,0.0,False,0.0
chatgpt 4o-mini,realsokoban,3,3,realsokoban-lvl3,1998,415,0.20770770770770772,583,0.29179179179179177,NO_WINNER,0.0,0,0.0,0.0,False,0.0
chatgpt 4o-mini,realsokoban,3,1,realsokoban-lvl3,1998,552,0.27627627627627627,771,0.3858858858858859,NO_WINNER,0.0,0,0.0,0.0,False,0.0
chatgpt 4o-mini,zelda,3,5,zelda-lvl3,152,3,0.019736842105263157,0,0.0,PLAYER_LOSES,0.0,0,0.0,0.0,False,0.0
chatgpt 4o-mini,zelda,3,2,zelda-lvl3,34,2,0.058823529411764705,0,0.0,PLAYER_LOSES,0.0,0,0.0,0.0,False,0.0
chatgpt 4o-mini,zelda,3,4,zelda-lvl3,144,9,0.0625,0,0.0,PLAYER_LOSES,0.0,0,0.0,0.0,False,0.0
chatgpt 4o-mini,zelda,3,3,zelda-lvl3,46,2,0.043478260869565216,0,0.0,PLAYER_LOSES,0.0,0,0.0,0.0,False,0.0
chatgpt 4o-mini,zelda,3,1,zelda-lvl3,45,8,0.17777777777777778,0,0.0,PLAYER_LOSES,0.0,0,0.0,0.0,False,0.0
chatgpt 4o-mini,zelda,2,5,zelda-lvl2,280,28,0.1,0,0.0,PLAYER_LOSES,0.0,0,0.0,0.0,False,0.0
chatgpt 4o-mini,zelda,2,2,zelda-lvl2,90,3,0.03333333333333333,0,0.0,PLAYER_LOSES,0.0,0,0.0,0.0,False,0.0
chatgpt 4o-mini,zelda,2,4,zelda-lvl2,342,52,0.15204678362573099,0,0.0,PLAYER_LOSES,0.0,0,0.0,0.0,False,0.0
chatgpt 4o-mini,zelda,2,3,zelda-lvl2,128,14,0.109375,0,0.0,PLAYER_LOSES,0.0,0,0.0,0.0,False,0.0
chatgpt 4o-mini,zelda,2,1,zelda-lvl2,119,13,0.1092436974789916,0,0.0,PLAYER_LOSES,0.0,0,0.0,0.0,False,0.0
