step,action,reward,avatar_pos_before,avatar_pos_after,reward_triggered,entity_triggered,meaningful,winner
0,3,0.0,"(1, 11)","(2, 11)",False,False,True,
1,1,0.0,"(2, 11)","(2, 10)",False,False,True,
2,3,0.0,"(2, 10)","(3, 10)",False,False,True,
3,3,0.0,"(3, 10)","(4, 10)",False,False,True,
4,1,0.0,"(4, 10)","(4, 9)",False,False,True,
5,1,0.0,"(4, 9)","(4, 9)",False,False,False,
6,1,0.0,"(4, 9)","(4, 9)",False,False,False,
7,3,0.0,"(4, 9)","(4, 9)",False,False,False,
8,2,0.0,"(4, 9)","(4, 10)",False,False,True,
9,3,0.0,"(4, 10)","(4, 10)",False,False,False,
10,3,0.0,"(4, 10)","(4, 10)",False,False,False,
11,3,0.0,"(4, 10)","(4, 10)",False,False,False,
12,1,0.0,"(4, 10)","(4, 9)",False,False,True,
13,4,0.0,"(4, 9)","(3, 9)",False,False,True,
14,1,0.0,"(3, 9)","(3, 9)",False,False,False,
15,3,0.0,"(3, 9)","(4, 9)",False,False,True,
16,3,0.0,"(4, 9)","(4, 9)",False,False,False,
17,1,0.0,"(4, 9)","(4, 9)",False,False,False,
18,1,0.0,"(4, 9)","(4, 9)",False,False,False,
19,3,0.0,"(4, 9)","(4, 9)",False,False,False,
20,2,0.0,"(4, 9)","(4, 10)",False,False,True,
21,3,0.0,"(4, 10)","(4, 10)",False,False,False,
22,3,0.0,"(4, 10)","(4, 10)",False,False,False,
23,3,0.0,"(4, 10)","(4, 10)",False,False,False,
24,3,0.0,"(4, 10)","(4, 10)",False,False,False,
25,3,0.0,"(4, 10)","(4, 10)",False,False,False,
26,1,0.0,"(4, 10)","(4, 9)",False,False,True,
27,3,0.0,"(4, 9)","(4, 9)",False,False,False,
28,4,0.0,"(4, 9)","(3, 9)",False,False,True,
29,1,0.0,"(3, 9)","(3, 9)",False,False,False,
30,1,0.0,"(3, 9)","(3, 9)",False,False,False,
31,3,0.0,"(3, 9)","(4, 9)",False,False,True,
32,3,0.0,"(4, 9)","(4, 9)",False,False,False,
33,3,0.0,"(4, 9)","(4, 9)",False,False,False,
34,1,0.0,"(4, 9)","(4, 9)",False,False,False,
35,2,0.0,"(4, 9)","(4, 10)",False,False,True,
36,2,0.0,"(4, 10)","(4, 11)",False,False,True,
37,3,0.0,"(4, 11)","(5, 11)",False,False,True,
38,1,0.0,"(5, 11)","(5, 11)",False,False,False,
39,1,0.0,"(5, 11)","(5, 11)",False,False,False,
40,3,0.0,"(5, 11)","(5, 11)",False,False,False,
41,1,0.0,"(5, 11)","(5, 11)",False,False,False,
42,3,0.0,"(5, 11)","(5, 11)",False,False,False,
43,1,0.0,"(5, 11)","(5, 11)",False,False,False,
44,2,0.0,"(5, 11)","(5, 11)",False,False,False,
45,1,0.0,"(5, 11)","(5, 11)",False,False,False,
46,1,0.0,"(5, 11)","(5, 11)",False,False,False,
47,1,0.0,"(5, 11)","(5, 11)",False,False,False,
48,4,0.0,"(5, 11)","(4, 11)",False,False,True,
49,3,0.0,"(4, 11)","(5, 11)",False,False,False,
50,3,0.0,"(5, 11)","(5, 11)",False,False,False,
51,1,0.0,"(5, 11)","(5, 11)",False,False,False,
52,1,0.0,"(5, 11)","(5, 11)",False,False,False,
53,1,0.0,"(5, 11)","(5, 11)",False,False,False,
54,1,0.0,"(5, 11)","(5, 11)",False,False,False,
55,2,0.0,"(5, 11)","(5, 11)",False,False,False,
56,1,0.0,"(5, 11)","(5, 11)",False,False,False,
57,1,0.0,"(5, 11)","(5, 11)",False,False,False,
58,1,0.0,"(5, 11)","(5, 11)",False,False,False,
59,1,0.0,"(5, 11)","(5, 11)",False,False,False,
60,2,0.0,"(5, 11)","(5, 11)",False,False,False,
61,1,0.0,"(5, 11)","(5, 11)",False,False,False,
62,1,0.0,"(5, 11)","(5, 11)",False,False,False,
63,1,0.0,"(5, 11)","(5, 11)",False,False,False,
64,2,0.0,"(5, 11)","(5, 11)",False,False,False,
65,1,0.0,"(5, 11)","(5, 11)",False,False,False,
66,3,0.0,"(5, 11)","(5, 11)",False,False,False,
67,2,0.0,"(5, 11)","(5, 11)",False,False,False,
68,1,0.0,"(5, 11)","(5, 11)",False,False,False,
69,1,0.0,"(5, 11)","(5, 11)",False,False,False,
70,1,0.0,"(5, 11)","(5, 11)",False,False,False,
71,1,0.0,"(5, 11)","(5, 11)",False,False,False,
72,1,0.0,"(5, 11)","(5, 11)",False,False,False,
73,4,0.0,"(5, 11)","(4, 11)",False,False,True,
74,3,0.0,"(4, 11)","(5, 11)",False,False,False,
75,1,0.0,"(5, 11)","(5, 11)",False,False,False,
76,1,0.0,"(5, 11)","(5, 11)",False,False,False,
77,3,0.0,"(5, 11)","(5, 11)",False,False,False,
78,3,0.0,"(5, 11)","(5, 11)",False,False,False,
79,3,0.0,"(5, 11)","(5, 11)",False,False,False,
80,1,0.0,"(5, 11)","(5, 11)",False,False,False,
81,3,0.0,"(5, 11)","(5, 11)",False,False,False,
82,1,0.0,"(5, 11)","(5, 11)",False,False,False,
83,4,0.0,"(5, 11)","(4, 11)",False,False,True,
84,3,0.0,"(4, 11)","(5, 11)",False,False,False,
85,4,0.0,"(5, 11)","(4, 11)",False,False,False,
86,1,0.0,"(4, 11)","(4, 10)",False,False,True,
87,4,0.0,"(4, 10)","(3, 10)",False,False,True,
88,2,0.0,"(3, 10)","(3, 10)",False,False,False,
89,3,0.0,"(3, 10)","(4, 10)",False,False,True,
90,3,0.0,"(4, 10)","(4, 10)",False,False,False,
91,3,0.0,"(4, 10)","(4, 10)",False,False,False,
92,1,0.0,"(4, 10)","(4, 9)",False,False,True,
93,3,0.0,"(4, 9)","(4, 9)",False,False,False,
94,2,0.0,"(4, 9)","(4, 10)",False,False,True,
95,3,0.0,"(4, 10)","(4, 10)",False,False,False,
96,3,0.0,"(4, 10)","(4, 10)",False,False,False,
97,2,0.0,"(4, 10)","(4, 11)",False,False,True,
98,2,0.0,"(4, 11)","(4, 11)",False,False,False,
99,1,0.0,"(4, 11)","(4, 10)",False,False,True,
100,3,0.0,"(4, 10)","(4, 10)",False,False,False,
101,1,0.0,"(4, 10)","(4, 9)",False,False,True,
102,1,0.0,"(4, 9)","(4, 9)",False,False,False,
103,4,0.0,"(4, 9)","(3, 9)",False,False,True,
104,3,0.0,"(3, 9)","(4, 9)",False,False,False,
105,4,0.0,"(4, 9)","(3, 9)",False,False,False,
106,1,0.0,"(3, 9)","(3, 9)",False,False,False,
107,1,0.0,"(3, 9)","(3, 9)",False,False,False,
108,3,0.0,"(3, 9)","(4, 9)",False,False,True,
109,3,0.0,"(4, 9)","(4, 9)",False,False,False,
110,2,0.0,"(4, 9)","(4, 10)",False,False,True,
111,2,0.0,"(4, 10)","(4, 11)",False,False,True,
112,3,0.0,"(4, 11)","(5, 11)",False,False,True,
113,1,0.0,"(5, 11)","(5, 11)",False,False,False,
114,1,0.0,"(5, 11)","(5, 11)",False,False,False,
115,0,0.0,"(5, 11)","(5, 11)",False,False,False,
116,1,0.0,"(5, 11)","(5, 11)",False,False,False,
117,3,0.0,"(5, 11)","(5, 11)",False,False,False,
118,1,0.0,"(5, 11)","(5, 11)",False,False,False,
119,4,0.0,"(5, 11)","(4, 11)",False,False,True,
120,3,0.0,"(4, 11)","(5, 11)",False,False,False,
121,3,0.0,"(5, 11)","(5, 11)",False,False,False,
122,1,0.0,"(5, 11)","(5, 11)",False,False,False,
123,1,0.0,"(5, 11)","(5, 11)",False,False,False,
124,4,0.0,"(5, 11)","(4, 11)",False,False,True,
125,3,0.0,"(4, 11)","(5, 11)",False,False,False,
126,0,0.0,"(5, 11)","(5, 11)",False,False,False,
127,4,0.0,"(5, 11)","(4, 11)",False,False,True,
128,4,0.0,"(4, 11)","(3, 11)",False,False,True,
129,3,0.0,"(3, 11)","(4, 11)",False,False,False,
130,1,0.0,"(4, 11)","(4, 10)",False,False,True,
131,3,0.0,"(4, 10)","(4, 10)",False,False,False,
132,1,0.0,"(4, 10)","(4, 9)",False,False,True,
133,3,0.0,"(4, 9)","(4, 9)",False,False,False,
134,3,0.0,"(4, 9)","(4, 9)",False,False,False,
135,3,0.0,"(4, 9)","(4, 9)",False,False,False,
136,3,0.0,"(4, 9)","(4, 9)",False,False,False,
137,3,0.0,"(4, 9)","(4, 9)",False,False,False,
138,1,0.0,"(4, 9)","(4, 9)",False,False,False,
139,3,0.0,"(4, 9)","(4, 9)",False,False,False,
140,1,0.0,"(4, 9)","(4, 9)",False,False,False,
141,3,0.0,"(4, 9)","(4, 9)",False,False,False,
142,1,0.0,"(4, 9)","(4, 9)",False,False,False,
143,3,0.0,"(4, 9)","(4, 9)",False,False,False,
144,3,0.0,"(4, 9)","(4, 9)",False,False,False,
145,2,0.0,"(4, 9)","(4, 10)",False,False,True,
146,3,0.0,"(4, 10)","(4, 10)",False,False,False,
147,3,0.0,"(4, 10)","(4, 10)",False,False,False,
148,4,0.0,"(4, 10)","(3, 10)",False,False,True,
149,3,0.0,"(3, 10)","(4, 10)",False,False,False,
150,1,0.0,"(4, 10)","(4, 9)",False,False,True,
151,1,0.0,"(4, 9)","(4, 9)",False,False,False,
152,1,0.0,"(4, 9)","(4, 9)",False,False,False,
153,3,0.0,"(4, 9)","(4, 9)",False,False,False,
154,1,0.0,"(4, 9)","(4, 9)",False,False,False,
155,2,0.0,"(4, 9)","(4, 10)",False,False,True,
156,1,0.0,"(4, 10)","(4, 9)",False,False,False,
157,4,0.0,"(4, 9)","(3, 9)",False,False,True,
158,2,0.0,"(3, 9)","(3, 10)",False,False,True,
159,3,0.0,"(3, 10)","(4, 10)",False,False,True,
160,3,0.0,"(4, 10)","(4, 10)",False,False,False,
161,1,0.0,"(4, 10)","(4, 9)",False,False,True,
162,4,0.0,"(4, 9)","(3, 9)",False,False,True,
163,1,0.0,"(3, 9)","(3, 9)",False,False,False,
164,2,0.0,"(3, 9)","(3, 10)",False,False,True,
165,2,0.0,"(3, 10)","(3, 11)",False,False,True,
166,3,0.0,"(3, 11)","(4, 11)",False,False,True,
167,3,0.0,"(4, 11)","(5, 11)",False,False,True,
168,1,0.0,"(5, 11)","(5, 11)",False,False,False,
169,3,0.0,"(5, 11)","(5, 11)",False,False,False,
170,3,0.0,"(5, 11)","(5, 11)",False,False,False,
171,1,0.0,"(5, 11)","(5, 11)",False,False,False,
172,3,0.0,"(5, 11)","(5, 11)",False,False,False,
173,4,0.0,"(5, 11)","(4, 11)",False,False,True,
174,3,0.0,"(4, 11)","(5, 11)",False,False,False,
175,1,0.0,"(5, 11)","(5, 11)",False,False,False,
176,1,0.0,"(5, 11)","(5, 11)",False,False,False,
177,3,0.0,"(5, 11)","(5, 11)",False,False,False,
178,1,0.0,"(5, 11)","(5, 11)",False,False,False,
179,1,0.0,"(5, 11)","(5, 11)",False,False,False,
180,2,0.0,"(5, 11)","(5, 11)",False,False,False,
181,3,0.0,"(5, 11)","(5, 11)",False,False,False,
182,3,0.0,"(5, 11)","(5, 11)",False,False,False,
183,1,0.0,"(5, 11)","(5, 11)",False,False,False,
184,3,0.0,"(5, 11)","(5, 11)",False,False,False,
185,1,0.0,"(5, 11)","(5, 11)",False,False,False,
186,1,0.0,"(5, 11)","(5, 11)",False,False,False,
187,1,0.0,"(5, 11)","(5, 11)",False,False,False,
188,4,0.0,"(5, 11)","(4, 11)",False,False,True,
189,3,0.0,"(4, 11)","(5, 11)",False,False,False,
190,1,0.0,"(5, 11)","(5, 11)",False,False,False,
191,2,0.0,"(5, 11)","(5, 11)",False,False,False,
192,1,0.0,"(5, 11)","(5, 11)",False,False,False,
193,1,0.0,"(5, 11)","(5, 11)",False,False,False,
194,3,0.0,"(5, 11)","(5, 11)",False,False,False,
195,1,0.0,"(5, 11)","(5, 11)",False,False,False,
196,3,0.0,"(5, 11)","(5, 11)",False,False,False,
197,3,0.0,"(5, 11)","(5, 11)",False,False,False,
198,4,0.0,"(5, 11)","(4, 11)",False,False,True,
199,3,0.0,"(4, 11)","(5, 11)",False,False,False,
200,1,0.0,"(5, 11)","(5, 11)",False,False,False,
201,1,0.0,"(5, 11)","(5, 11)",False,False,False,
202,4,0.0,"(5, 11)","(4, 11)",False,False,True,
203,1,0.0,"(4, 11)","(4, 10)",False,False,True,
204,3,0.0,"(4, 10)","(4, 10)",False,False,False,
205,1,0.0,"(4, 10)","(4, 9)",False,False,True,
206,1,0.0,"(4, 9)","(4, 9)",False,False,False,
207,3,0.0,"(4, 9)","(4, 9)",False,False,False,
208,1,0.0,"(4, 9)","(4, 9)",False,False,False,
209,3,0.0,"(4, 9)","(4, 9)",False,False,False,
210,3,0.0,"(4, 9)","(4, 9)",False,False,False,
211,1,0.0,"(4, 9)","(4, 9)",False,False,False,
212,3,0.0,"(4, 9)","(4, 9)",False,False,False,
213,3,0.0,"(4, 9)","(4, 9)",False,False,False,
214,3,0.0,"(4, 9)","(4, 9)",False,False,False,
215,2,0.0,"(4, 9)","(4, 10)",False,False,True,
216,3,0.0,"(4, 10)","(4, 10)",False,False,False,
217,3,0.0,"(4, 10)","(4, 10)",False,False,False,
218,3,0.0,"(4, 10)","(4, 10)",False,False,False,
219,3,0.0,"(4, 10)","(4, 10)",False,False,False,
220,3,0.0,"(4, 10)","(4, 10)",False,False,False,
221,1,0.0,"(4, 10)","(4, 9)",False,False,True,
222,2,0.0,"(4, 9)","(4, 10)",False,False,False,
223,3,0.0,"(4, 10)","(4, 10)",False,False,False,
224,3,0.0,"(4, 10)","(4, 10)",False,False,False,
225,3,0.0,"(4, 10)","(4, 10)",False,False,False,
226,2,0.0,"(4, 10)","(4, 11)",False,False,True,
227,4,0.0,"(4, 11)","(3, 11)",False,False,True,
228,3,0.0,"(3, 11)","(4, 11)",False,False,False,
229,3,0.0,"(4, 11)","(5, 11)",False,False,True,
230,4,0.0,"(5, 11)","(4, 11)",False,False,False,
231,3,0.0,"(4, 11)","(5, 11)",False,False,False,
232,3,0.0,"(5, 11)","(5, 11)",False,False,False,
233,1,0.0,"(5, 11)","(5, 11)",False,False,False,
234,3,0.0,"(5, 11)","(5, 11)",False,False,False,
235,1,0.0,"(5, 11)","(5, 11)",False,False,False,
236,3,0.0,"(5, 11)","(5, 11)",False,False,False,
237,4,0.0,"(5, 11)","(4, 11)",False,False,True,
238,3,0.0,"(4, 11)","(5, 11)",False,False,False,
239,4,0.0,"(5, 11)","(4, 11)",False,False,False,
240,1,0.0,"(4, 11)","(4, 10)",False,False,True,
241,3,0.0,"(4, 10)","(4, 10)",False,False,False,
242,2,0.0,"(4, 10)","(4, 11)",False,False,True,
243,3,0.0,"(4, 11)","(5, 11)",False,False,True,
244,1,0.0,"(5, 11)","(5, 11)",False,False,False,
245,0,0.0,"(5, 11)","(5, 11)",False,False,False,
246,3,0.0,"(5, 11)","(5, 11)",False,False,False,
247,1,0.0,"(5, 11)","(5, 11)",False,False,False,
248,4,0.0,"(5, 11)","(4, 11)",False,False,True,
249,1,0.0,"(4, 11)","(4, 10)",False,False,True,
250,3,0.0,"(4, 10)","(4, 10)",False,False,False,
251,1,0.0,"(4, 10)","(4, 9)",False,False,True,
252,3,0.0,"(4, 9)","(4, 9)",False,False,False,
253,2,0.0,"(4, 9)","(4, 10)",False,False,True,
254,4,0.0,"(4, 10)","(3, 10)",False,False,True,
255,3,0.0,"(3, 10)","(4, 10)",False,False,False,
256,3,0.0,"(4, 10)","(4, 10)",False,False,False,
257,4,0.0,"(4, 10)","(3, 10)",False,False,True,
258,3,0.0,"(3, 10)","(4, 10)",False,False,False,
259,1,0.0,"(4, 10)","(4, 9)",False,False,True,
260,3,0.0,"(4, 9)","(4, 9)",False,False,False,
261,3,0.0,"(4, 9)","(4, 9)",False,False,False,
262,3,0.0,"(4, 9)","(4, 9)",False,False,False,
263,2,0.0,"(4, 9)","(4, 10)",False,False,True,
264,3,0.0,"(4, 10)","(4, 10)",False,False,False,
265,3,0.0,"(4, 10)","(4, 10)",False,False,False,
266,3,0.0,"(4, 10)","(4, 10)",False,False,False,
267,3,0.0,"(4, 10)","(4, 10)",False,False,False,
268,3,0.0,"(4, 10)","(4, 10)",False,False,False,
269,3,0.0,"(4, 10)","(4, 10)",False,False,False,
270,1,0.0,"(4, 10)","(4, 9)",False,False,True,
271,2,0.0,"(4, 9)","(4, 10)",False,False,False,
272,3,0.0,"(4, 10)","(4, 10)",False,False,False,
273,3,0.0,"(4, 10)","(4, 10)",False,False,False,
274,1,0.0,"(4, 10)","(4, 9)",False,False,True,
275,3,0.0,"(4, 9)","(4, 9)",False,False,False,
276,1,0.0,"(4, 9)","(4, 9)",False,False,False,
277,1,0.0,"(4, 9)","(4, 9)",False,False,False,
278,1,0.0,"(4, 9)","(4, 9)",False,False,False,
279,3,0.0,"(4, 9)","(4, 9)",False,False,False,
280,2,0.0,"(4, 9)","(4, 10)",False,False,True,
281,2,0.0,"(4, 10)","(4, 11)",False,False,True,
282,3,0.0,"(4, 11)","(5, 11)",False,False,True,
283,1,0.0,"(5, 11)","(5, 11)",False,False,False,
284,1,0.0,"(5, 11)","(5, 11)",False,False,False,
285,3,0.0,"(5, 11)","(5, 11)",False,False,False,
286,3,0.0,"(5, 11)","(5, 11)",False,False,False,
287,1,0.0,"(5, 11)","(5, 11)",False,False,False,
288,1,0.0,"(5, 11)","(5, 11)",False,False,False,
289,4,0.0,"(5, 11)","(4, 11)",False,False,True,
290,1,0.0,"(4, 11)","(4, 10)",False,False,True,
291,3,0.0,"(4, 10)","(4, 10)",False,False,False,
292,1,0.0,"(4, 10)","(4, 9)",False,False,True,
293,3,0.0,"(4, 9)","(4, 9)",False,False,False,
294,2,0.0,"(4, 9)","(4, 10)",False,False,True,
295,3,0.0,"(4, 10)","(4, 10)",False,False,False,
296,1,0.0,"(4, 10)","(4, 9)",False,False,True,
297,1,0.0,"(4, 9)","(4, 9)",False,False,False,
298,1,0.0,"(4, 9)","(4, 9)",False,False,False,
299,1,0.0,"(4, 9)","(4, 9)",False,False,False,
300,4,0.0,"(4, 9)","(3, 9)",False,False,True,
301,1,0.0,"(3, 9)","(3, 9)",False,False,False,
302,3,0.0,"(3, 9)","(4, 9)",False,False,True,
303,1,0.0,"(4, 9)","(4, 9)",False,False,False,
304,2,0.0,"(4, 9)","(4, 10)",False,False,True,
305,3,0.0,"(4, 10)","(4, 10)",False,False,False,
306,1,0.0,"(4, 10)","(4, 9)",False,False,True,
307,4,0.0,"(4, 9)","(3, 9)",False,False,True,
308,3,0.0,"(3, 9)","(4, 9)",False,False,False,
309,2,0.0,"(4, 9)","(4, 10)",False,False,True,
310,3,0.0,"(4, 10)","(4, 10)",False,False,False,
311,2,0.0,"(4, 10)","(4, 11)",False,False,True,
312,1,0.0,"(4, 11)","(4, 10)",False,False,False,
313,3,0.0,"(4, 10)","(4, 10)",False,False,False,
314,1,0.0,"(4, 10)","(4, 9)",False,False,True,
315,3,0.0,"(4, 9)","(4, 9)",False,False,False,
316,3,0.0,"(4, 9)","(4, 9)",False,False,False,
317,2,0.0,"(4, 9)","(4, 10)",False,False,True,
318,3,0.0,"(4, 10)","(4, 10)",False,False,False,
319,3,0.0,"(4, 10)","(4, 10)",False,False,False,
320,3,0.0,"(4, 10)","(4, 10)",False,False,False,
321,3,0.0,"(4, 10)","(4, 10)",False,False,False,
322,3,0.0,"(4, 10)","(4, 10)",False,False,False,
323,1,0.0,"(4, 10)","(4, 9)",False,False,True,
324,3,0.0,"(4, 9)","(4, 9)",False,False,False,
325,2,0.0,"(4, 9)","(4, 10)",False,False,True,
326,3,0.0,"(4, 10)","(4, 10)",False,False,False,
327,3,0.0,"(4, 10)","(4, 10)",False,False,False,
328,3,0.0,"(4, 10)","(4, 10)",False,False,False,
329,1,0.0,"(4, 10)","(4, 9)",False,False,True,
330,2,0.0,"(4, 9)","(4, 10)",False,False,False,
331,3,0.0,"(4, 10)","(4, 10)",False,False,False,
332,4,0.0,"(4, 10)","(3, 10)",False,False,True,
333,1,0.0,"(3, 10)","(3, 9)",False,False,True,
334,3,0.0,"(3, 9)","(4, 9)",False,False,True,
335,2,0.0,"(4, 9)","(4, 10)",False,False,True,
336,3,0.0,"(4, 10)","(4, 10)",False,False,False,
337,1,0.0,"(4, 10)","(4, 9)",False,False,True,
338,4,0.0,"(4, 9)","(3, 9)",False,False,True,
339,4,0.0,"(3, 9)","(2, 9)",False,False,True,
340,3,0.0,"(2, 9)","(3, 9)",False,False,False,
341,1,0.0,"(3, 9)","(3, 9)",False,False,False,
342,1,0.0,"(3, 9)","(3, 9)",False,False,False,
343,2,0.0,"(3, 9)","(3, 10)",False,False,True,
344,3,0.0,"(3, 10)","(4, 10)",False,False,True,
345,3,0.0,"(4, 10)","(4, 10)",False,False,False,
346,3,0.0,"(4, 10)","(4, 10)",False,False,False,
347,3,0.0,"(4, 10)","(4, 10)",False,False,False,
348,3,0.0,"(4, 10)","(4, 10)",False,False,False,
349,1,0.0,"(4, 10)","(4, 9)",False,False,True,
350,2,0.0,"(4, 9)","(4, 10)",False,False,False,
351,1,0.0,"(4, 10)","(4, 9)",False,False,False,
352,1,0.0,"(4, 9)","(4, 9)",False,False,False,
353,3,0.0,"(4, 9)","(4, 9)",False,False,False,
354,3,0.0,"(4, 9)","(4, 9)",False,False,False,
355,3,0.0,"(4, 9)","(4, 9)",False,False,False,
356,1,0.0,"(4, 9)","(4, 9)",False,False,False,
357,3,0.0,"(4, 9)","(4, 9)",False,False,False,
358,2,0.0,"(4, 9)","(4, 10)",False,False,True,
359,3,0.0,"(4, 10)","(4, 10)",False,False,False,
360,2,0.0,"(4, 10)","(4, 11)",False,False,True,
361,3,0.0,"(4, 11)","(5, 11)",False,False,True,
362,0,0.0,"(5, 11)","(5, 11)",False,False,False,
363,3,0.0,"(5, 11)","(5, 11)",False,False,False,
364,4,0.0,"(5, 11)","(4, 11)",False,False,True,
365,3,0.0,"(4, 11)","(5, 11)",False,False,False,
366,1,0.0,"(5, 11)","(5, 11)",False,False,False,
367,4,0.0,"(5, 11)","(4, 11)",False,False,True,
368,2,0.0,"(4, 11)","(4, 11)",False,False,False,
369,3,0.0,"(4, 11)","(5, 11)",False,False,True,
370,4,0.0,"(5, 11)","(4, 11)",False,False,False,
371,3,0.0,"(4, 11)","(5, 11)",False,False,False,
372,0,0.0,"(5, 11)","(5, 11)",False,False,False,
373,1,0.0,"(5, 11)","(5, 11)",False,False,False,
374,1,0.0,"(5, 11)","(5, 11)",False,False,False,
375,3,0.0,"(5, 11)","(5, 11)",False,False,False,
376,3,0.0,"(5, 11)","(5, 11)",False,False,False,
377,4,0.0,"(5, 11)","(4, 11)",False,False,True,
378,4,0.0,"(4, 11)","(3, 11)",False,False,True,
379,1,0.0,"(3, 11)","(3, 10)",False,False,True,
380,3,0.0,"(3, 10)","(4, 10)",False,False,True,
381,3,0.0,"(4, 10)","(4, 10)",False,False,False,
382,3,0.0,"(4, 10)","(4, 10)",False,False,False,
383,3,0.0,"(4, 10)","(4, 10)",False,False,False,
384,3,0.0,"(4, 10)","(4, 10)",False,False,False,
385,3,0.0,"(4, 10)","(4, 10)",False,False,False,
386,3,0.0,"(4, 10)","(4, 10)",False,False,False,
387,1,0.0,"(4, 10)","(4, 9)",False,False,True,
388,4,0.0,"(4, 9)","(3, 9)",False,False,True,
389,1,0.0,"(3, 9)","(3, 9)",False,False,False,
390,1,0.0,"(3, 9)","(3, 9)",False,False,False,
391,3,0.0,"(3, 9)","(4, 9)",False,False,True,
392,2,0.0,"(4, 9)","(4, 10)",False,False,True,
393,2,0.0,"(4, 10)","(4, 11)",False,False,True,
394,3,0.0,"(4, 11)","(5, 11)",False,False,True,
395,1,0.0,"(5, 11)","(5, 11)",False,False,False,
396,1,0.0,"(5, 11)","(5, 11)",False,False,False,
397,3,0.0,"(5, 11)","(5, 11)",False,False,False,
398,1,0.0,"(5, 11)","(5, 11)",False,False,False,
399,3,0.0,"(5, 11)","(5, 11)",False,False,False,
400,1,0.0,"(5, 11)","(5, 11)",False,False,False,
401,1,0.0,"(5, 11)","(5, 11)",False,False,False,
402,1,0.0,"(5, 11)","(5, 11)",False,False,False,
403,3,0.0,"(5, 11)","(5, 11)",False,False,False,
404,1,0.0,"(5, 11)","(5, 11)",False,False,False,
405,1,0.0,"(5, 11)","(5, 11)",False,False,False,
406,3,0.0,"(5, 11)","(5, 11)",False,False,False,
407,0,0.0,"(5, 11)","(5, 11)",False,False,False,
408,2,0.0,"(5, 11)","(5, 11)",False,False,False,
409,3,0.0,"(5, 11)","(5, 11)",False,False,False,
410,1,0.0,"(5, 11)","(5, 11)",False,False,False,
411,3,0.0,"(5, 11)","(5, 11)",False,False,False,
412,1,0.0,"(5, 11)","(5, 11)",False,False,False,
413,1,0.0,"(5, 11)","(5, 11)",False,False,False,
414,4,0.0,"(5, 11)","(4, 11)",False,False,True,
415,3,0.0,"(4, 11)","(5, 11)",False,False,False,
416,1,0.0,"(5, 11)","(5, 11)",False,False,False,
417,3,0.0,"(5, 11)","(5, 11)",False,False,False,
418,1,0.0,"(5, 11)","(5, 11)",False,False,False,
419,1,0.0,"(5, 11)","(5, 11)",False,False,False,
420,4,0.0,"(5, 11)","(4, 11)",False,False,True,
421,3,0.0,"(4, 11)","(5, 11)",False,False,False,
422,1,0.0,"(5, 11)","(5, 11)",False,False,False,
423,1,0.0,"(5, 11)","(5, 11)",False,False,False,
424,2,0.0,"(5, 11)","(5, 11)",False,False,False,
425,2,0.0,"(5, 11)","(5, 11)",False,False,False,
426,3,0.0,"(5, 11)","(5, 11)",False,False,False,
427,1,0.0,"(5, 11)","(5, 11)",False,False,False,
428,3,0.0,"(5, 11)","(5, 11)",False,False,False,
429,1,0.0,"(5, 11)","(5, 11)",False,False,False,
430,3,0.0,"(5, 11)","(5, 11)",False,False,False,
431,0,0.0,"(5, 11)","(5, 11)",False,False,False,
432,3,0.0,"(5, 11)","(5, 11)",False,False,False,
433,3,0.0,"(5, 11)","(5, 11)",False,False,False,
434,1,0.0,"(5, 11)","(5, 11)",False,False,False,
435,1,0.0,"(5, 11)","(5, 11)",False,False,False,
436,1,0.0,"(5, 11)","(5, 11)",False,False,False,
437,0,0.0,"(5, 11)","(5, 11)",False,False,False,
438,4,0.0,"(5, 11)","(4, 11)",False,False,True,
439,3,0.0,"(4, 11)","(5, 11)",False,False,False,
440,3,0.0,"(5, 11)","(5, 11)",False,False,False,
441,3,0.0,"(5, 11)","(5, 11)",False,False,False,
442,1,0.0,"(5, 11)","(5, 11)",False,False,False,
443,1,0.0,"(5, 11)","(5, 11)",False,False,False,
444,1,0.0,"(5, 11)","(5, 11)",False,False,False,
445,3,0.0,"(5, 11)","(5, 11)",False,False,False,
446,4,0.0,"(5, 11)","(4, 11)",False,False,True,
447,3,0.0,"(4, 11)","(5, 11)",False,False,False,
448,1,0.0,"(5, 11)","(5, 11)",False,False,False,
449,3,0.0,"(5, 11)","(5, 11)",False,False,False,
450,3,0.0,"(5, 11)","(5, 11)",False,False,False,
451,3,0.0,"(5, 11)","(5, 11)",False,False,False,
452,1,0.0,"(5, 11)","(5, 11)",False,False,False,
453,1,0.0,"(5, 11)","(5, 11)",False,False,False,
454,4,0.0,"(5, 11)","(4, 11)",False,False,True,
455,3,0.0,"(4, 11)","(5, 11)",False,False,False,
456,1,0.0,"(5, 11)","(5, 11)",False,False,False,
457,3,0.0,"(5, 11)","(5, 11)",False,False,False,
458,3,0.0,"(5, 11)","(5, 11)",False,False,False,
459,1,0.0,"(5, 11)","(5, 11)",False,False,False,
460,1,0.0,"(5, 11)","(5, 11)",False,False,False,
461,2,0.0,"(5, 11)","(5, 11)",False,False,False,
462,1,0.0,"(5, 11)","(5, 11)",False,False,False,
463,3,0.0,"(5, 11)","(5, 11)",False,False,False,
464,1,0.0,"(5, 11)","(5, 11)",False,False,False,
465,1,0.0,"(5, 11)","(5, 11)",False,False,False,
466,3,0.0,"(5, 11)","(5, 11)",False,False,False,
467,1,0.0,"(5, 11)","(5, 11)",False,False,False,
468,3,0.0,"(5, 11)","(5, 11)",False,False,False,
469,3,0.0,"(5, 11)","(5, 11)",False,False,False,
470,1,0.0,"(5, 11)","(5, 11)",False,False,False,
471,0,0.0,"(5, 11)","(5, 11)",False,False,False,
472,3,0.0,"(5, 11)","(5, 11)",False,False,False,
473,1,0.0,"(5, 11)","(5, 11)",False,False,False,
474,3,0.0,"(5, 11)","(5, 11)",False,False,False,
475,1,0.0,"(5, 11)","(5, 11)",False,False,False,
476,1,0.0,"(5, 11)","(5, 11)",False,False,False,
477,1,0.0,"(5, 11)","(5, 11)",False,False,False,
478,1,0.0,"(5, 11)","(5, 11)",False,False,False,
479,4,0.0,"(5, 11)","(4, 11)",False,False,True,
480,4,0.0,"(4, 11)","(3, 11)",False,False,True,
481,3,0.0,"(3, 11)","(4, 11)",False,False,False,
482,1,0.0,"(4, 11)","(4, 10)",False,False,True,
483,1,0.0,"(4, 10)","(4, 9)",False,False,True,
484,3,0.0,"(4, 9)","(4, 9)",False,False,False,
485,4,0.0,"(4, 9)","(3, 9)",False,False,True,
486,3,0.0,"(3, 9)","(4, 9)",False,False,False,
487,3,0.0,"(4, 9)","(4, 9)",False,False,False,
488,2,0.0,"(4, 9)","(4, 10)",False,False,True,
489,3,0.0,"(4, 10)","(4, 10)",False,False,False,
490,1,0.0,"(4, 10)","(4, 9)",False,False,True,
491,3,0.0,"(4, 9)","(4, 9)",False,False,False,
492,1,0.0,"(4, 9)","(4, 9)",False,False,False,
493,2,0.0,"(4, 9)","(4, 10)",False,False,True,
494,3,0.0,"(4, 10)","(4, 10)",False,False,False,
495,3,0.0,"(4, 10)","(4, 10)",False,False,False,
496,3,0.0,"(4, 10)","(4, 10)",False,False,False,
497,4,0.0,"(4, 10)","(3, 10)",False,False,True,
498,2,0.0,"(3, 10)","(3, 11)",False,False,True,
499,3,0.0,"(3, 11)","(4, 11)",False,False,True,
500,3,0.0,"(4, 11)","(5, 11)",False,False,True,
501,3,0.0,"(5, 11)","(5, 11)",False,False,False,
502,0,0.0,"(5, 11)","(5, 11)",False,False,False,
503,4,0.0,"(5, 11)","(4, 11)",False,False,True,
504,1,0.0,"(4, 11)","(4, 10)",False,False,True,
505,1,0.0,"(4, 10)","(4, 9)",False,False,True,
506,2,0.0,"(4, 9)","(4, 10)",False,False,False,
507,2,0.0,"(4, 10)","(4, 11)",False,False,True,
508,2,0.0,"(4, 11)","(4, 11)",False,False,False,
509,3,0.0,"(4, 11)","(5, 11)",False,False,True,
510,1,0.0,"(5, 11)","(5, 11)",False,False,False,
511,1,0.0,"(5, 11)","(5, 11)",False,False,False,
512,1,0.0,"(5, 11)","(5, 11)",False,False,False,
513,4,0.0,"(5, 11)","(4, 11)",False,False,True,
514,3,0.0,"(4, 11)","(5, 11)",False,False,False,
515,1,0.0,"(5, 11)","(5, 11)",False,False,False,
516,1,0.0,"(5, 11)","(5, 11)",False,False,False,
517,1,0.0,"(5, 11)","(5, 11)",False,False,False,
518,2,0.0,"(5, 11)","(5, 11)",False,False,False,
519,4,0.0,"(5, 11)","(4, 11)",False,False,True,
520,1,0.0,"(4, 11)","(4, 10)",False,False,True,
521,3,0.0,"(4, 10)","(4, 10)",False,False,False,
522,1,0.0,"(4, 10)","(4, 9)",False,False,True,
523,3,0.0,"(4, 9)","(4, 9)",False,False,False,
524,3,0.0,"(4, 9)","(4, 9)",False,False,False,
525,1,0.0,"(4, 9)","(4, 9)",False,False,False,
526,1,0.0,"(4, 9)","(4, 9)",False,False,False,
527,3,0.0,"(4, 9)","(4, 9)",False,False,False,
528,4,0.0,"(4, 9)","(3, 9)",False,False,True,
529,3,0.0,"(3, 9)","(4, 9)",False,False,False,
530,3,0.0,"(4, 9)","(4, 9)",False,False,False,
531,1,0.0,"(4, 9)","(4, 9)",False,False,False,
532,3,0.0,"(4, 9)","(4, 9)",False,False,False,
533,3,0.0,"(4, 9)","(4, 9)",False,False,False,
534,3,0.0,"(4, 9)","(4, 9)",False,False,False,
535,1,0.0,"(4, 9)","(4, 9)",False,False,False,
536,1,0.0,"(4, 9)","(4, 9)",False,False,False,
537,2,0.0,"(4, 9)","(4, 10)",False,False,True,
538,3,0.0,"(4, 10)","(4, 10)",False,False,False,
539,1,0.0,"(4, 10)","(4, 9)",False,False,True,
540,1,0.0,"(4, 9)","(4, 9)",False,False,False,
541,2,0.0,"(4, 9)","(4, 10)",False,False,True,
542,3,0.0,"(4, 10)","(4, 10)",False,False,False,
543,2,0.0,"(4, 10)","(4, 11)",False,False,True,
544,4,0.0,"(4, 11)","(3, 11)",False,False,True,
545,3,0.0,"(3, 11)","(4, 11)",False,False,False,
546,3,0.0,"(4, 11)","(5, 11)",False,False,True,
547,4,0.0,"(5, 11)","(4, 11)",False,False,False,
548,3,0.0,"(4, 11)","(5, 11)",False,False,False,
549,2,0.0,"(5, 11)","(5, 11)",False,False,False,
550,1,0.0,"(5, 11)","(5, 11)",False,False,False,
551,4,0.0,"(5, 11)","(4, 11)",False,False,True,
552,3,0.0,"(4, 11)","(5, 11)",False,False,False,
553,3,0.0,"(5, 11)","(5, 11)",False,False,False,
554,1,0.0,"(5, 11)","(5, 11)",False,False,False,
555,1,0.0,"(5, 11)","(5, 11)",False,False,False,
556,3,0.0,"(5, 11)","(5, 11)",False,False,False,
557,3,0.0,"(5, 11)","(5, 11)",False,False,False,
558,1,0.0,"(5, 11)","(5, 11)",False,False,False,
559,3,0.0,"(5, 11)","(5, 11)",False,False,False,
560,4,0.0,"(5, 11)","(4, 11)",False,False,True,
561,3,0.0,"(4, 11)","(5, 11)",False,False,False,
562,1,0.0,"(5, 11)","(5, 11)",False,False,False,
563,1,0.0,"(5, 11)","(5, 11)",False,False,False,
564,0,0.0,"(5, 11)","(5, 11)",False,False,False,
565,3,0.0,"(5, 11)","(5, 11)",False,False,False,
566,1,0.0,"(5, 11)","(5, 11)",False,False,False,
567,3,0.0,"(5, 11)","(5, 11)",False,False,False,
568,1,0.0,"(5, 11)","(5, 11)",False,False,False,
569,3,0.0,"(5, 11)","(5, 11)",False,False,False,
570,3,0.0,"(5, 11)","(5, 11)",False,False,False,
571,1,0.0,"(5, 11)","(5, 11)",False,False,False,
572,2,0.0,"(5, 11)","(5, 11)",False,False,False,
573,2,0.0,"(5, 11)","(5, 11)",False,False,False,
574,1,0.0,"(5, 11)","(5, 11)",False,False,False,
575,2,0.0,"(5, 11)","(5, 11)",False,False,False,
576,4,0.0,"(5, 11)","(4, 11)",False,False,True,
577,1,0.0,"(4, 11)","(4, 10)",False,False,True,
578,3,0.0,"(4, 10)","(4, 10)",False,False,False,
579,3,0.0,"(4, 10)","(4, 10)",False,False,False,
580,1,0.0,"(4, 10)","(4, 9)",False,False,True,
581,3,0.0,"(4, 9)","(4, 9)",False,False,False,
582,3,0.0,"(4, 9)","(4, 9)",False,False,False,
583,2,0.0,"(4, 9)","(4, 10)",False,False,True,
584,3,0.0,"(4, 10)","(4, 10)",False,False,False,
585,4,0.0,"(4, 10)","(3, 10)",False,False,True,
586,3,0.0,"(3, 10)","(4, 10)",False,False,False,
587,1,0.0,"(4, 10)","(4, 9)",False,False,True,
588,2,0.0,"(4, 9)","(4, 10)",False,False,False,
589,1,0.0,"(4, 10)","(4, 9)",False,False,False,
590,3,0.0,"(4, 9)","(4, 9)",False,False,False,
591,3,0.0,"(4, 9)","(4, 9)",False,False,False,
592,3,0.0,"(4, 9)","(4, 9)",False,False,False,
593,3,0.0,"(4, 9)","(4, 9)",False,False,False,
594,2,0.0,"(4, 9)","(4, 10)",False,False,True,
595,3,0.0,"(4, 10)","(4, 10)",False,False,False,
596,3,0.0,"(4, 10)","(4, 10)",False,False,False,
597,3,0.0,"(4, 10)","(4, 10)",False,False,False,
598,3,0.0,"(4, 10)","(4, 10)",False,False,False,
599,3,0.0,"(4, 10)","(4, 10)",False,False,False,
600,2,0.0,"(4, 10)","(4, 11)",False,False,True,
601,3,0.0,"(4, 11)","(5, 11)",False,False,True,
602,4,0.0,"(5, 11)","(4, 11)",False,False,False,
603,3,0.0,"(4, 11)","(5, 11)",False,False,False,
604,1,0.0,"(5, 11)","(5, 11)",False,False,False,
605,1,0.0,"(5, 11)","(5, 11)",False,False,False,
606,1,0.0,"(5, 11)","(5, 11)",False,False,False,
607,3,0.0,"(5, 11)","(5, 11)",False,False,False,
608,2,0.0,"(5, 11)","(5, 11)",False,False,False,
609,0,0.0,"(5, 11)","(5, 11)",False,False,False,
610,3,0.0,"(5, 11)","(5, 11)",False,False,False,
611,1,0.0,"(5, 11)","(5, 11)",False,False,False,
612,4,0.0,"(5, 11)","(4, 11)",False,False,True,
613,1,0.0,"(4, 11)","(4, 10)",False,False,True,
614,3,0.0,"(4, 10)","(4, 10)",False,False,False,
615,3,0.0,"(4, 10)","(4, 10)",False,False,False,
616,3,0.0,"(4, 10)","(4, 10)",False,False,False,
617,2,0.0,"(4, 10)","(4, 11)",False,False,True,
618,3,0.0,"(4, 11)","(5, 11)",False,False,True,
619,1,0.0,"(5, 11)","(5, 11)",False,False,False,
620,1,0.0,"(5, 11)","(5, 11)",False,False,False,
621,4,0.0,"(5, 11)","(4, 11)",False,False,True,
622,3,0.0,"(4, 11)","(5, 11)",False,False,False,
623,3,0.0,"(5, 11)","(5, 11)",False,False,False,
624,1,0.0,"(5, 11)","(5, 11)",False,False,False,
625,1,0.0,"(5, 11)","(5, 11)",False,False,False,
626,3,0.0,"(5, 11)","(5, 11)",False,False,False,
627,1,0.0,"(5, 11)","(5, 11)",False,False,False,
628,4,0.0,"(5, 11)","(4, 11)",False,False,True,
629,3,0.0,"(4, 11)","(5, 11)",False,False,False,
630,1,0.0,"(5, 11)","(5, 11)",False,False,False,
631,3,0.0,"(5, 11)","(5, 11)",False,False,False,
632,1,0.0,"(5, 11)","(5, 11)",False,False,False,
633,1,0.0,"(5, 11)","(5, 11)",False,False,False,
634,1,0.0,"(5, 11)","(5, 11)",False,False,False,
635,3,0.0,"(5, 11)","(5, 11)",False,False,False,
636,2,0.0,"(5, 11)","(5, 11)",False,False,False,
637,1,0.0,"(5, 11)","(5, 11)",False,False,False,
638,2,0.0,"(5, 11)","(5, 11)",False,False,False,
639,1,0.0,"(5, 11)","(5, 11)",False,False,False,
640,1,0.0,"(5, 11)","(5, 11)",False,False,False,
641,1,0.0,"(5, 11)","(5, 11)",False,False,False,
642,3,0.0,"(5, 11)","(5, 11)",False,False,False,
643,1,0.0,"(5, 11)","(5, 11)",False,False,False,
644,1,0.0,"(5, 11)","(5, 11)",False,False,False,
645,1,0.0,"(5, 11)","(5, 11)",False,False,False,
646,1,0.0,"(5, 11)","(5, 11)",False,False,False,
647,1,0.0,"(5, 11)","(5, 11)",False,False,False,
648,2,0.0,"(5, 11)","(5, 11)",False,False,False,
649,1,0.0,"(5, 11)","(5, 11)",False,False,False,
650,3,0.0,"(5, 11)","(5, 11)",False,False,False,
651,1,0.0,"(5, 11)","(5, 11)",False,False,False,
652,1,0.0,"(5, 11)","(5, 11)",False,False,False,
653,3,0.0,"(5, 11)","(5, 11)",False,False,False,
654,1,0.0,"(5, 11)","(5, 11)",False,False,False,
655,1,0.0,"(5, 11)","(5, 11)",False,False,False,
656,3,0.0,"(5, 11)","(5, 11)",False,False,False,
657,1,0.0,"(5, 11)","(5, 11)",False,False,False,
658,1,0.0,"(5, 11)","(5, 11)",False,False,False,
659,3,0.0,"(5, 11)","(5, 11)",False,False,False,
660,1,0.0,"(5, 11)","(5, 11)",False,False,False,
661,1,0.0,"(5, 11)","(5, 11)",False,False,False,
662,1,0.0,"(5, 11)","(5, 11)",False,False,False,
663,1,0.0,"(5, 11)","(5, 11)",False,False,False,
664,3,0.0,"(5, 11)","(5, 11)",False,False,False,
665,1,0.0,"(5, 11)","(5, 11)",False,False,False,
666,4,0.0,"(5, 11)","(4, 11)",False,False,True,
667,1,0.0,"(4, 11)","(4, 10)",False,False,True,
668,3,0.0,"(4, 10)","(4, 10)",False,False,False,
669,3,0.0,"(4, 10)","(4, 10)",False,False,False,
670,3,0.0,"(4, 10)","(4, 10)",False,False,False,
671,2,0.0,"(4, 10)","(4, 11)",False,False,True,
672,1,0.0,"(4, 11)","(4, 10)",False,False,False,
673,3,0.0,"(4, 10)","(4, 10)",False,False,False,
674,3,0.0,"(4, 10)","(4, 10)",False,False,False,
675,3,0.0,"(4, 10)","(4, 10)",False,False,False,
676,3,0.0,"(4, 10)","(4, 10)",False,False,False,
677,3,0.0,"(4, 10)","(4, 10)",False,False,False,
678,3,0.0,"(4, 10)","(4, 10)",False,False,False,
679,1,0.0,"(4, 10)","(4, 9)",False,False,True,
680,2,0.0,"(4, 9)","(4, 10)",False,False,False,
681,3,0.0,"(4, 10)","(4, 10)",False,False,False,
682,3,0.0,"(4, 10)","(4, 10)",False,False,False,
683,3,0.0,"(4, 10)","(4, 10)",False,False,False,
684,1,0.0,"(4, 10)","(4, 9)",False,False,True,
685,1,0.0,"(4, 9)","(4, 9)",False,False,False,
686,1,0.0,"(4, 9)","(4, 9)",False,False,False,
687,2,0.0,"(4, 9)","(4, 10)",False,False,True,
688,3,0.0,"(4, 10)","(4, 10)",False,False,False,
689,3,0.0,"(4, 10)","(4, 10)",False,False,False,
690,3,0.0,"(4, 10)","(4, 10)",False,False,False,
691,3,0.0,"(4, 10)","(4, 10)",False,False,False,
692,2,0.0,"(4, 10)","(4, 11)",False,False,True,
693,4,0.0,"(4, 11)","(3, 11)",False,False,True,
694,3,0.0,"(3, 11)","(4, 11)",False,False,False,
695,3,0.0,"(4, 11)","(5, 11)",False,False,True,
696,3,0.0,"(5, 11)","(5, 11)",False,False,False,
697,3,0.0,"(5, 11)","(5, 11)",False,False,False,
698,1,0.0,"(5, 11)","(5, 11)",False,False,False,
699,3,0.0,"(5, 11)","(5, 11)",False,False,False,
700,3,0.0,"(5, 11)","(5, 11)",False,False,False,
701,3,0.0,"(5, 11)","(5, 11)",False,False,False,
702,0,0.0,"(5, 11)","(5, 11)",False,False,False,
703,1,0.0,"(5, 11)","(5, 11)",False,False,False,
704,2,0.0,"(5, 11)","(5, 11)",False,False,False,
705,1,0.0,"(5, 11)","(5, 11)",False,False,False,
706,1,0.0,"(5, 11)","(5, 11)",False,False,False,
707,3,0.0,"(5, 11)","(5, 11)",False,False,False,
708,2,0.0,"(5, 11)","(5, 11)",False,False,False,
709,3,0.0,"(5, 11)","(5, 11)",False,False,False,
710,1,0.0,"(5, 11)","(5, 11)",False,False,False,
711,1,0.0,"(5, 11)","(5, 11)",False,False,False,
712,1,0.0,"(5, 11)","(5, 11)",False,False,False,
713,3,0.0,"(5, 11)","(5, 11)",False,False,False,
714,4,0.0,"(5, 11)","(4, 11)",False,False,True,
715,3,0.0,"(4, 11)","(5, 11)",False,False,False,
716,1,0.0,"(5, 11)","(5, 11)",False,False,False,
717,3,0.0,"(5, 11)","(5, 11)",False,False,False,
718,1,0.0,"(5, 11)","(5, 11)",False,False,False,
719,4,0.0,"(5, 11)","(4, 11)",False,False,True,
720,3,0.0,"(4, 11)","(5, 11)",False,False,False,
721,1,0.0,"(5, 11)","(5, 11)",False,False,False,
722,1,0.0,"(5, 11)","(5, 11)",False,False,False,
723,3,0.0,"(5, 11)","(5, 11)",False,False,False,
724,1,0.0,"(5, 11)","(5, 11)",False,False,False,
725,1,0.0,"(5, 11)","(5, 11)",False,False,False,
726,1,0.0,"(5, 11)","(5, 11)",False,False,False,
727,1,0.0,"(5, 11)","(5, 11)",False,False,False,
728,1,0.0,"(5, 11)","(5, 11)",False,False,False,
729,1,0.0,"(5, 11)","(5, 11)",False,False,False,
730,3,0.0,"(5, 11)","(5, 11)",False,False,False,
731,3,0.0,"(5, 11)","(5, 11)",False,False,False,
732,1,0.0,"(5, 11)","(5, 11)",False,False,False,
733,3,0.0,"(5, 11)","(5, 11)",False,False,False,
734,1,0.0,"(5, 11)","(5, 11)",False,False,False,
735,4,0.0,"(5, 11)","(4, 11)",False,False,True,
736,3,0.0,"(4, 11)","(5, 11)",False,False,False,
737,0,0.0,"(5, 11)","(5, 11)",False,False,False,
738,3,0.0,"(5, 11)","(5, 11)",False,False,False,
739,3,0.0,"(5, 11)","(5, 11)",False,False,False,
740,1,0.0,"(5, 11)","(5, 11)",False,False,False,
741,1,0.0,"(5, 11)","(5, 11)",False,False,False,
742,1,0.0,"(5, 11)","(5, 11)",False,False,False,
743,1,0.0,"(5, 11)","(5, 11)",False,False,False,
744,4,0.0,"(5, 11)","(4, 11)",False,False,True,
745,3,0.0,"(4, 11)","(5, 11)",False,False,False,
746,1,0.0,"(5, 11)","(5, 11)",False,False,False,
747,1,0.0,"(5, 11)","(5, 11)",False,False,False,
748,1,0.0,"(5, 11)","(5, 11)",False,False,False,
749,1,0.0,"(5, 11)","(5, 11)",False,False,False,
750,1,0.0,"(5, 11)","(5, 11)",False,False,False,
751,3,0.0,"(5, 11)","(5, 11)",False,False,False,
752,1,0.0,"(5, 11)","(5, 11)",False,False,False,
753,4,0.0,"(5, 11)","(4, 11)",False,False,True,
754,3,0.0,"(4, 11)","(5, 11)",False,False,False,
755,3,0.0,"(5, 11)","(5, 11)",False,False,False,
756,3,0.0,"(5, 11)","(5, 11)",False,False,False,
757,1,0.0,"(5, 11)","(5, 11)",False,False,False,
758,4,0.0,"(5, 11)","(4, 11)",False,False,True,
759,3,0.0,"(4, 11)","(5, 11)",False,False,False,
760,1,0.0,"(5, 11)","(5, 11)",False,False,False,
761,3,0.0,"(5, 11)","(5, 11)",False,False,False,
762,1,0.0,"(5, 11)","(5, 11)",False,False,False,
763,2,0.0,"(5, 11)","(5, 11)",False,False,False,
764,1,0.0,"(5, 11)","(5, 11)",False,False,False,
765,3,0.0,"(5, 11)","(5, 11)",False,False,False,
766,3,0.0,"(5, 11)","(5, 11)",False,False,False,
767,3,0.0,"(5, 11)","(5, 11)",False,False,False,
768,3,0.0,"(5, 11)","(5, 11)",False,False,False,
769,3,0.0,"(5, 11)","(5, 11)",False,False,False,
770,1,0.0,"(5, 11)","(5, 11)",False,False,False,
771,4,0.0,"(5, 11)","(4, 11)",False,False,True,
772,1,0.0,"(4, 11)","(4, 10)",False,False,True,
773,3,0.0,"(4, 10)","(4, 10)",False,False,False,
774,4,0.0,"(4, 10)","(3, 10)",False,False,True,
775,4,0.0,"(3, 10)","(2, 10)",False,False,True,
776,3,0.0,"(2, 10)","(3, 10)",False,False,False,
777,3,0.0,"(3, 10)","(4, 10)",False,False,True,
778,3,0.0,"(4, 10)","(4, 10)",False,False,False,
779,3,0.0,"(4, 10)","(4, 10)",False,False,False,
780,3,0.0,"(4, 10)","(4, 10)",False,False,False,
781,1,0.0,"(4, 10)","(4, 9)",False,False,True,
782,3,0.0,"(4, 9)","(4, 9)",False,False,False,
783,2,0.0,"(4, 9)","(4, 10)",False,False,True,
784,1,0.0,"(4, 10)","(4, 9)",False,False,False,
785,2,0.0,"(4, 9)","(4, 10)",False,False,False,
786,3,0.0,"(4, 10)","(4, 10)",False,False,False,
787,1,0.0,"(4, 10)","(4, 9)",False,False,True,
788,3,0.0,"(4, 9)","(4, 9)",False,False,False,
789,3,0.0,"(4, 9)","(4, 9)",False,False,False,
790,4,0.0,"(4, 9)","(3, 9)",False,False,True,
791,2,0.0,"(3, 9)","(3, 10)",False,False,True,
792,4,0.0,"(3, 10)","(2, 10)",False,False,True,
793,2,0.0,"(2, 10)","(2, 10)",False,False,False,
794,3,0.0,"(2, 10)","(3, 10)",False,False,True,
795,1,0.0,"(3, 10)","(3, 9)",False,False,True,
796,3,0.0,"(3, 9)","(4, 9)",False,False,True,
797,3,0.0,"(4, 9)","(4, 9)",False,False,False,
798,3,0.0,"(4, 9)","(4, 9)",False,False,False,
799,4,0.0,"(4, 9)","(3, 9)",False,False,True,
800,1,0.0,"(3, 9)","(3, 9)",False,False,False,
801,3,0.0,"(3, 9)","(4, 9)",False,False,True,
802,3,0.0,"(4, 9)","(4, 9)",False,False,False,
803,2,0.0,"(4, 9)","(4, 10)",False,False,True,
804,3,0.0,"(4, 10)","(4, 10)",False,False,False,
805,3,0.0,"(4, 10)","(4, 10)",False,False,False,
806,2,0.0,"(4, 10)","(4, 11)",False,False,True,
807,3,0.0,"(4, 11)","(5, 11)",False,False,True,
808,3,0.0,"(5, 11)","(5, 11)",False,False,False,
809,3,0.0,"(5, 11)","(5, 11)",False,False,False,
810,1,0.0,"(5, 11)","(5, 11)",False,False,False,
811,4,0.0,"(5, 11)","(4, 11)",False,False,True,
812,1,0.0,"(4, 11)","(4, 10)",False,False,True,
813,1,0.0,"(4, 10)","(4, 9)",False,False,True,
814,3,0.0,"(4, 9)","(4, 9)",False,False,False,
815,4,0.0,"(4, 9)","(3, 9)",False,False,True,
816,1,0.0,"(3, 9)","(3, 9)",False,False,False,
817,2,0.0,"(3, 9)","(3, 10)",False,False,True,
818,1,0.0,"(3, 10)","(3, 9)",False,False,False,
819,2,0.0,"(3, 9)","(3, 10)",False,False,False,
820,3,0.0,"(3, 10)","(4, 10)",False,False,True,
821,3,0.0,"(4, 10)","(4, 10)",False,False,False,
822,3,0.0,"(4, 10)","(4, 10)",False,False,False,
823,4,0.0,"(4, 10)","(3, 10)",False,False,True,
824,3,0.0,"(3, 10)","(4, 10)",False,False,False,
825,3,0.0,"(4, 10)","(4, 10)",False,False,False,
826,3,0.0,"(4, 10)","(4, 10)",False,False,False,
827,3,0.0,"(4, 10)","(4, 10)",False,False,False,
828,1,0.0,"(4, 10)","(4, 9)",False,False,True,
829,3,0.0,"(4, 9)","(4, 9)",False,False,False,
830,3,0.0,"(4, 9)","(4, 9)",False,False,False,
831,3,0.0,"(4, 9)","(4, 9)",False,False,False,
832,2,0.0,"(4, 9)","(4, 10)",False,False,True,
833,2,0.0,"(4, 10)","(4, 11)",False,False,True,
834,1,0.0,"(4, 11)","(4, 10)",False,False,False,
835,3,0.0,"(4, 10)","(4, 10)",False,False,False,
836,3,0.0,"(4, 10)","(4, 10)",False,False,False,
837,3,0.0,"(4, 10)","(4, 10)",False,False,False,
838,3,0.0,"(4, 10)","(4, 10)",False,False,False,
839,1,0.0,"(4, 10)","(4, 9)",False,False,True,
840,3,0.0,"(4, 9)","(4, 9)",False,False,False,
841,3,0.0,"(4, 9)","(4, 9)",False,False,False,
842,3,0.0,"(4, 9)","(4, 9)",False,False,False,
843,3,0.0,"(4, 9)","(4, 9)",False,False,False,
844,4,0.0,"(4, 9)","(3, 9)",False,False,True,
845,1,0.0,"(3, 9)","(3, 9)",False,False,False,
846,3,0.0,"(3, 9)","(4, 9)",False,False,True,
847,4,0.0,"(4, 9)","(3, 9)",False,False,False,
848,1,0.0,"(3, 9)","(3, 9)",False,False,False,
849,3,0.0,"(3, 9)","(4, 9)",False,False,True,
850,3,0.0,"(4, 9)","(4, 9)",False,False,False,
851,1,0.0,"(4, 9)","(4, 9)",False,False,False,
852,2,0.0,"(4, 9)","(4, 10)",False,False,True,
853,3,0.0,"(4, 10)","(4, 10)",False,False,False,
854,3,0.0,"(4, 10)","(4, 10)",False,False,False,
855,3,0.0,"(4, 10)","(4, 10)",False,False,False,
856,2,0.0,"(4, 10)","(4, 11)",False,False,True,
857,3,0.0,"(4, 11)","(5, 11)",False,False,True,
858,4,0.0,"(5, 11)","(4, 11)",False,False,False,
859,2,0.0,"(4, 11)","(4, 11)",False,False,False,
860,1,0.0,"(4, 11)","(4, 10)",False,False,True,
861,3,0.0,"(4, 10)","(4, 10)",False,False,False,
862,3,0.0,"(4, 10)","(4, 10)",False,False,False,
863,4,0.0,"(4, 10)","(3, 10)",False,False,True,
864,1,0.0,"(3, 10)","(3, 9)",False,False,True,
865,3,0.0,"(3, 9)","(4, 9)",False,False,True,
866,3,0.0,"(4, 9)","(4, 9)",False,False,False,
867,1,0.0,"(4, 9)","(4, 9)",False,False,False,
868,3,0.0,"(4, 9)","(4, 9)",False,False,False,
869,3,0.0,"(4, 9)","(4, 9)",False,False,False,
870,4,0.0,"(4, 9)","(3, 9)",False,False,True,
871,1,0.0,"(3, 9)","(3, 9)",False,False,False,
872,3,0.0,"(3, 9)","(4, 9)",False,False,True,
873,3,0.0,"(4, 9)","(4, 9)",False,False,False,
874,3,0.0,"(4, 9)","(4, 9)",False,False,False,
875,2,0.0,"(4, 9)","(4, 10)",False,False,True,
876,3,0.0,"(4, 10)","(4, 10)",False,False,False,
877,3,0.0,"(4, 10)","(4, 10)",False,False,False,
878,2,0.0,"(4, 10)","(4, 11)",False,False,True,
879,3,0.0,"(4, 11)","(5, 11)",False,False,True,
880,1,0.0,"(5, 11)","(5, 11)",False,False,False,
881,1,0.0,"(5, 11)","(5, 11)",False,False,False,
882,4,0.0,"(5, 11)","(4, 11)",False,False,True,
883,3,0.0,"(4, 11)","(5, 11)",False,False,False,
884,0,0.0,"(5, 11)","(5, 11)",False,False,False,
885,1,0.0,"(5, 11)","(5, 11)",False,False,False,
886,3,0.0,"(5, 11)","(5, 11)",False,False,False,
887,1,0.0,"(5, 11)","(5, 11)",False,False,False,
888,1,0.0,"(5, 11)","(5, 11)",False,False,False,
889,2,0.0,"(5, 11)","(5, 11)",False,False,False,
890,1,0.0,"(5, 11)","(5, 11)",False,False,False,
891,1,0.0,"(5, 11)","(5, 11)",False,False,False,
892,4,0.0,"(5, 11)","(4, 11)",False,False,True,
893,1,0.0,"(4, 11)","(4, 10)",False,False,True,
894,3,0.0,"(4, 10)","(4, 10)",False,False,False,
895,3,0.0,"(4, 10)","(4, 10)",False,False,False,
896,2,0.0,"(4, 10)","(4, 11)",False,False,True,
897,3,0.0,"(4, 11)","(5, 11)",False,False,True,
898,3,0.0,"(5, 11)","(5, 11)",False,False,False,
899,1,0.0,"(5, 11)","(5, 11)",False,False,False,
900,1,0.0,"(5, 11)","(5, 11)",False,False,False,
901,3,0.0,"(5, 11)","(5, 11)",False,False,False,
902,3,0.0,"(5, 11)","(5, 11)",False,False,False,
903,1,0.0,"(5, 11)","(5, 11)",False,False,False,
904,2,0.0,"(5, 11)","(5, 11)",False,False,False,
905,1,0.0,"(5, 11)","(5, 11)",False,False,False,
906,1,0.0,"(5, 11)","(5, 11)",False,False,False,
907,1,0.0,"(5, 11)","(5, 11)",False,False,False,
908,4,0.0,"(5, 11)","(4, 11)",False,False,True,
909,3,0.0,"(4, 11)","(5, 11)",False,False,False,
910,1,0.0,"(5, 11)","(5, 11)",False,False,False,
911,3,0.0,"(5, 11)","(5, 11)",False,False,False,
912,1,0.0,"(5, 11)","(5, 11)",False,False,False,
913,3,0.0,"(5, 11)","(5, 11)",False,False,False,
914,1,0.0,"(5, 11)","(5, 11)",False,False,False,
915,1,0.0,"(5, 11)","(5, 11)",False,False,False,
916,3,0.0,"(5, 11)","(5, 11)",False,False,False,
917,1,0.0,"(5, 11)","(5, 11)",False,False,False,
918,1,0.0,"(5, 11)","(5, 11)",False,False,False,
919,3,0.0,"(5, 11)","(5, 11)",False,False,False,
920,1,0.0,"(5, 11)","(5, 11)",False,False,False,
921,2,0.0,"(5, 11)","(5, 11)",False,False,False,
922,3,0.0,"(5, 11)","(5, 11)",False,False,False,
923,1,0.0,"(5, 11)","(5, 11)",False,False,False,
924,1,0.0,"(5, 11)","(5, 11)",False,False,False,
925,2,0.0,"(5, 11)","(5, 11)",False,False,False,
926,3,0.0,"(5, 11)","(5, 11)",False,False,False,
927,3,0.0,"(5, 11)","(5, 11)",False,False,False,
928,1,0.0,"(5, 11)","(5, 11)",False,False,False,
929,3,0.0,"(5, 11)","(5, 11)",False,False,False,
930,1,0.0,"(5, 11)","(5, 11)",False,False,False,
931,3,0.0,"(5, 11)","(5, 11)",False,False,False,
932,1,0.0,"(5, 11)","(5, 11)",False,False,False,
933,1,0.0,"(5, 11)","(5, 11)",False,False,False,
934,1,0.0,"(5, 11)","(5, 11)",False,False,False,
935,3,0.0,"(5, 11)","(5, 11)",False,False,False,
936,3,0.0,"(5, 11)","(5, 11)",False,False,False,
937,1,0.0,"(5, 11)","(5, 11)",False,False,False,
938,3,0.0,"(5, 11)","(5, 11)",False,False,False,
939,1,0.0,"(5, 11)","(5, 11)",False,False,False,
940,3,0.0,"(5, 11)","(5, 11)",False,False,False,
941,1,0.0,"(5, 11)","(5, 11)",False,False,False,
942,4,0.0,"(5, 11)","(4, 11)",False,False,True,
943,3,0.0,"(4, 11)","(5, 11)",False,False,False,
944,1,0.0,"(5, 11)","(5, 11)",False,False,False,
945,1,0.0,"(5, 11)","(5, 11)",False,False,False,
946,3,0.0,"(5, 11)","(5, 11)",False,False,False,
947,1,0.0,"(5, 11)","(5, 11)",False,False,False,
948,3,0.0,"(5, 11)","(5, 11)",False,False,False,
949,0,0.0,"(5, 11)","(5, 11)",False,False,False,
950,1,0.0,"(5, 11)","(5, 11)",False,False,False,
951,1,0.0,"(5, 11)","(5, 11)",False,False,False,
952,1,0.0,"(5, 11)","(5, 11)",False,False,False,
953,1,0.0,"(5, 11)","(5, 11)",False,False,False,
954,4,0.0,"(5, 11)","(4, 11)",False,False,True,
955,3,0.0,"(4, 11)","(5, 11)",False,False,False,
956,3,0.0,"(5, 11)","(5, 11)",False,False,False,
957,3,0.0,"(5, 11)","(5, 11)",False,False,False,
958,4,0.0,"(5, 11)","(4, 11)",False,False,True,
959,3,0.0,"(4, 11)","(5, 11)",False,False,False,
960,1,0.0,"(5, 11)","(5, 11)",False,False,False,
961,3,0.0,"(5, 11)","(5, 11)",False,False,False,
962,1,0.0,"(5, 11)","(5, 11)",False,False,False,
963,1,0.0,"(5, 11)","(5, 11)",False,False,False,
964,1,0.0,"(5, 11)","(5, 11)",False,False,False,
965,1,0.0,"(5, 11)","(5, 11)",False,False,False,
966,3,0.0,"(5, 11)","(5, 11)",False,False,False,
967,4,0.0,"(5, 11)","(4, 11)",False,False,True,
968,3,0.0,"(4, 11)","(5, 11)",False,False,False,
969,3,0.0,"(5, 11)","(5, 11)",False,False,False,
970,4,0.0,"(5, 11)","(4, 11)",False,False,True,
971,3,0.0,"(4, 11)","(5, 11)",False,False,False,
972,1,0.0,"(5, 11)","(5, 11)",False,False,False,
973,1,0.0,"(5, 11)","(5, 11)",False,False,False,
974,1,0.0,"(5, 11)","(5, 11)",False,False,False,
975,0,0.0,"(5, 11)","(5, 11)",False,False,False,
976,4,0.0,"(5, 11)","(4, 11)",False,False,True,
977,3,0.0,"(4, 11)","(5, 11)",False,False,False,
978,4,0.0,"(5, 11)","(4, 11)",False,False,False,
979,1,0.0,"(4, 11)","(4, 10)",False,False,True,
980,3,0.0,"(4, 10)","(4, 10)",False,False,False,
981,2,0.0,"(4, 10)","(4, 11)",False,False,True,
982,1,0.0,"(4, 11)","(4, 10)",False,False,False,
983,3,0.0,"(4, 10)","(4, 10)",False,False,False,
984,1,0.0,"(4, 10)","(4, 9)",False,False,True,
985,4,0.0,"(4, 9)","(3, 9)",False,False,True,
986,3,0.0,"(3, 9)","(4, 9)",False,False,False,
987,2,0.0,"(4, 9)","(4, 10)",False,False,True,
988,2,0.0,"(4, 10)","(4, 11)",False,False,True,
989,1,0.0,"(4, 11)","(4, 10)",False,False,False,
990,1,0.0,"(4, 10)","(4, 9)",False,False,True,
991,2,0.0,"(4, 9)","(4, 10)",False,False,False,
992,1,0.0,"(4, 10)","(4, 9)",False,False,False,
993,4,0.0,"(4, 9)","(3, 9)",False,False,True,
994,1,0.0,"(3, 9)","(3, 9)",False,False,False,
995,1,0.0,"(3, 9)","(3, 9)",False,False,False,
996,3,0.0,"(3, 9)","(4, 9)",False,False,True,
997,3,0.0,"(4, 9)","(4, 9)",False,False,False,PLAYER_LOSES
